房东急售，公房税费少，钥匙看房方便,园西二居 ,川沙,2室1厅,59.55平米,南 北,简装,低楼层(共6层),1989年建,板楼,9人关注,1个月以前发布,288,"48,363","121.694585,31.189111","""121.694585,31.189111""",VR看装修,房本满五年,随时看房,,https://sh.lianjia.com/ershoufang/107104665230.html
总价低  满五年 户型通透 位置好 小区环境好,星河景苑 ,老闵行,2室1厅,59.97平米,南,简装,低楼层(共17层),2006年建,板楼,58人关注,1个月以前发布,273,"45,523","121.427596,31.002525","""121.427596,31.002525""",VR看装修,房本满两年,,近地铁,https://sh.lianjia.com/ershoufang/107104584426.html
满五年wei一，省税好房，户型方正，楼层好，视野好,环庆新苑 ,合庆,2室1厅,66.01平米,南,精装,中楼层(共6层),2004年建,板楼,26人关注,3天以前发布,235,"35,601","121.688157,31.246190","""121.688157,31.246190""",VR房源,房本满五年,,,https://sh.lianjia.com/ershoufang/107104791283.html
李园一村  中低楼层  通风采光好,李园一村 ,嘉定老城,2室1厅,68.39平米,南,简装,低楼层(共6层),1990年建,板楼,14人关注,15天以前发布,212,"30,999","121.254672,31.390855","""121.254672,31.390855""",VR看装修,房本满两年,,,https://sh.lianjia.com/ershoufang/107104744628.html
交通方便 采光通风好 车位充足 环境好 居住舒适,殷行一、二村 ,中原,2室1厅,50.95平米,南,简装,高楼层(共6层),1981年建,板楼,43人关注,12天以前发布,285,"55,938","121.473701,31.230416","""121.473701,31.230416""",VR看装修,房本满五年,,,https://sh.lianjia.com/ershoufang/107104758135.html
满五税费少 南北通 交通便利 生活方便 幸福指数高,曙光南桥小区 ,川沙,2室1厅,64.43平米,南,简装,中楼层(共6层),1994年建,板楼,61人关注,11天以前发布,265,"41,130","121.707032,31.191160","""121.707032,31.191160""",VR看装修,房本满五年,,,https://sh.lianjia.com/ershoufang/107104761341.html
楼层好，户型方正，房龄新，电梯房，动迁房。,美罗家园宝欣苑七村 ,罗店,2室1厅,69.59平米,南,简装,中楼层(共18层),2014年建,塔楼,25人关注,1个月以前发布,248,"35,638","121.338470,31.385902","""121.338470,31.385902""",VR看装修,房本满两年,随时看房,,https://sh.lianjia.com/ershoufang/107104639598.html
2房间朝南，保养干净清爽，采光充足明亮，诚心出售,德都路165弄 ,月浦,2室1厅,62.19平米,南,精装,高楼层(共6层),1996年建,板楼,37人关注,24天以前发布,210,"33,768","121.426621,31.409068","""121.426621,31.409068""",VR看装修,房本满五年,,,https://sh.lianjia.com/ershoufang/107104711067.html
此房满五税费少 位置好 房型正气 诚意出售,金鹤新城双佳翠庭 ,江桥,2室1厅,55.7平米,南,简装,低楼层(共6层),2007年建,板楼,59人关注,22天以前发布,274,"49,193","121.313323,31.247481","""121.313323,31.247481""",VR看装修,房本满五年,,,https://sh.lianjia.com/ershoufang/107104719506.html
此房满五年，南北通，低楼层，采光充足，一梯两户,李园一村 ,嘉定老城,2室1厅,68.15平米,南,简装,低楼层(共6层),1990年建,板楼,37人关注,2个月以前发布,219,"32,135","121.254672,31.390855","""121.254672,31.390855""",VR看装修,房本满五年,随时看房,,https://sh.lianjia.com/ershoufang/107104520644.html
景舒苑南北通透户型正气原动迁原始小两房,景舒苑六村 ,浦江,2室1厅,57.21平米,南 北,简装,低楼层(共6层),2006年建,板楼,87人关注,4个月以前发布,288,"50,341","121.490122,31.074702","""121.490122,31.074702""",VR看装修,房本满两年,随时看房,,https://sh.lianjia.com/ershoufang/107104257654.html
近地铁、满五年、无增值税、中间楼层、诚心售、价可谈,河滨小区 ,川沙,2室1厅,60.71平米,南,简装,中楼层(共5层),1981年建,板楼,79人关注,2个月以前发布,245,"40,356","121.702694,31.192506","""121.702694,31.192506""",VR看装修,房本满五年,随时看房,,https://sh.lianjia.com/ershoufang/107104559243.html
近五号线+满五年无个税+业主诚心出售+采光通风奈斯,红旗三村 ,老闵行,2室1厅,57.71平米,南 北,简装,低楼层(共6层),1989年建,板楼,62人关注,5个月以前发布,208,"36,043","121.400001,31.010602","""121.400001,31.010602""",VR看装修,房本满五年,,,https://sh.lianjia.com/ershoufang/107104178241.html
满五年，售后公房，边套全明，业主急售，单价总价低,鸿福新村 ,梅陇,2室1厅,55.36平米,南,简装,高楼层(共6层),1994年建,板楼,105人关注,3个月以前发布,285,"51,482","121.418627,31.124340","""121.418627,31.124340""",VR看装修,房本满两年,,,https://sh.lianjia.com/ershoufang/107104430758.html
14号线   满五，精装修两房，可以接受周期，边套全明,华江一村 ,江桥,2室1厅,67.12平米,南 北,精装,高楼层(共6层),1995年建,板楼,114人关注,4个月以前发布,278,"41,419","121.340949,31.264231","""121.340949,31.264231""",VR房源,房本满五年,,,https://sh.lianjia.com/ershoufang/107104274975.html
此房采光好，近地铁站，配套成熟，双卧朝南,新凯城锦昌苑 ,泗泾,2室1厅,67.92平米,南,简装,中楼层(共14层),2011年建,板楼,39人关注,5个月以前发布,260,"38,281","121.234244,31.112750","""121.234244,31.112750""",VR看装修,房本满五年,,,https://sh.lianjia.com/ershoufang/107104202991.html
动迁房税费少 好楼层 南北两房中等装修 近湿地公园,海江新村 ,淞宝,2室1厅,54.57平米,南,简装,中楼层(共10层),1996年建,板楼,7人关注,19天以前发布,215,"39,399","121.504794,31.392084","""121.504794,31.392084""",VR看装修,房本满两年,,,https://sh.lianjia.com/ershoufang/107104730172.html
满五+户型方正+采光通风好+业主诚售,天虹二村 ,松江新城,2室1厅,65.25平米,南,简装,高楼层(共6层),1995年建,板楼,263人关注,5个月以前发布,207,"31,725","121.247955,31.028492","""121.247955,31.028492""",VR看装修,房本满五年,随时看房,,https://sh.lianjia.com/ershoufang/107104233577.html
宝钢十村 楼层好 两房朝东有南窗 近地铁 购物生活方便,宝钢十村 ,淞宝,2室0厅,52.89平米,东南,简装,中楼层(共6层),1985年建,板楼,17人关注,3个月以前发布,273,"51,617","121.478510,31.402354","""121.478510,31.402354""",VR看装修,房本满五年,随时看房,近地铁,https://sh.lianjia.com/ershoufang/107104403431.html
满五税费少，精装修，采光好，近地铁,桃浦七村雪松苑 ,桃浦,2室1厅,64.98平米,南,精装,高楼层(共6层),1995年建,板楼,293人关注,9个月以前发布,285,"43,860","121.352070,31.287663","""121.352070,31.287663""",VR看装修,房本满五年,随时看房,近地铁,https://sh.lianjia.com/ershoufang/107103710605.html
普通住宅 低总价精致小2房，近南翔老街,南华小区 ,南翔,2室0厅,62.44平米,南,精装,高楼层(共6层),1987年建,板楼,184人关注,8个月以前发布,240,"38,437","121.307809,31.287279","""121.307809,31.287279""",VR看装修,房本满五年,,,https://sh.lianjia.com/ershoufang/107103864833.html
满五年无增值税，采光好，楼层好,公益路小区西苑 ,川沙,2室1厅,68平米,南,简装,低楼层(共5层),1995年建,板楼,72人关注,4个月以前发布,204,"30,000","121.473701,31.230416","""121.473701,31.230416""",VR看装修,房本满五年,,,https://sh.lianjia.com/ershoufang/107104313673.html
*，带装修，楼层好，全明户型。,中冶锦园 ,月浦,2室1厅,54.9平米,南,简装,高楼层(共11层),,板楼,211人关注,6个月以前发布,204,"37,159","121.410261,31.428540","""121.410261,31.428540""",VR看装修,房本满五年,,,https://sh.lianjia.com/ershoufang/107104071161.html
2000竣工，新房龄，楼层好，户型正气,景谷苑 ,老闵行,2室1厅,55.81平米,南 北,简装,中楼层(共5层),2000年建,板楼,86人关注,1个月以前发布,206,"36,911","121.394569,31.013577","""121.394569,31.013577""",VR看装修,房本满五年,,,https://sh.lianjia.com/ershoufang/107104646936.html
桃浦地铁口 刚需好房 满五税无 看房方便,桃浦三村石榴苑 ,桃浦,2室1厅,59.49平米,南,简装,高楼层(共7层),1997年建,板楼,217人关注,2个月以前发布,250,"42,024","121.345432,31.282562","""121.345432,31.282562""",VR看装修,房本满五年,,近地铁,https://sh.lianjia.com/ershoufang/107104529492.html
一手动迁，无增值税，总价低，业主诚意出售。,紫薇茗庭 ,泗泾,2室1厅,67.28平米,南,毛坯,低楼层(共28层),2014年建,板楼,124人关注,2个月以前发布,238,"35,375","121.248078,31.091769","""121.248078,31.091769""",VR看装修,房本满两年,,,https://sh.lianjia.com/ershoufang/107104485757.html
此房满五，中间楼层，全明格局，诚意出售价可谈,永清新村 ,淞宝,2室1厅,57.09平米,南,简装,中楼层(共6层),1991年建,板楼,15人关注,1个月以前发布,248,"43,441","121.498257,31.391196","""121.498257,31.391196""",VR看装修,房本满五年,,,https://sh.lianjia.com/ershoufang/107104579044.html
高楼层，采光好，装修好，税费少，视野好,富特五村 ,外高桥,2室1厅,62.03平米,南,精装,高楼层(共6层),1993年建,板楼,33人关注,1个月以前发布,290,"46,752","121.585246,31.338028","""121.585246,31.338028""",VR看装修,房本满五年,,,https://sh.lianjia.com/ershoufang/107104663837.html
房东降价，年前诚意出售，机不可失，速约看房,泗塘二村 ,张庙,2室1厅,60.72平米,南,简装,中楼层(共5层),1979年建,板楼,30人关注,1个月以前发布,278,"45,784","121.456196,31.337302","""121.456196,31.337302""",VR看装修,房本满五年,,,https://sh.lianjia.com/ershoufang/107104577790.html
满五税费少，南北两房，业主诚意出售，期待您的到来,桃浦七村雪松苑 ,桃浦,2室1厅,54.14平米,南 北,简装,高楼层(共6层),1995年建,板楼,149人关注,2个月以前发布,240,"44,330","121.352070,31.287663","""121.352070,31.287663""",VR房源,房本满五年,,近地铁,https://sh.lianjia.com/ershoufang/107104548370.html
精装修两房，楼层好，位置好，装修好，随时可看！！！,桃浦六村绿春苑 ,桃浦,2室1厅,56.88平米,南,精装,中楼层(共6层),1994年建,板楼,212人关注,6个月以前发布,270,"47,469","121.355258,31.285300","""121.355258,31.285300""",VR看装修,,随时看房,近地铁,https://sh.lianjia.com/ershoufang/107104086304.html
采光好，两房朝南，一手动迁税费少，好看房,塘和家园登云苑 ,泗泾,2室1厅,66.4平米,南,毛坯,低楼层(共18层),2015年建,板楼,9人关注,23天以前发布,245,"36,898","121.255387,31.100760","""121.255387,31.100760""",VR看装修,,随时看房,,https://sh.lianjia.com/ershoufang/107104714664.html
自住精装修两房，配备齐全，双南户型，诚心出售,紫薇茗庭 ,泗泾,2室1厅,68.89平米,南,精装,低楼层(共18层),2014年建,板楼,103人关注,23天以前发布,244.2,"35,448","121.248078,31.091769","""121.248078,31.091769""",VR看装修,,,,https://sh.lianjia.com/ershoufang/107104716663.html
户型方正，满五，采光充足，生活方便,罗南二村 ,罗店,2室1厅,69.63平米,南,简装,高楼层(共6层),1996年建,板楼,68人关注,27天以前发布,214,"30,734","121.366451,31.387761","""121.366451,31.387761""",VR房源,,,近地铁,https://sh.lianjia.com/ershoufang/107104700542.html
"房屋满五，税费少，户型好,房屋视野好",环庆新苑 ,合庆,2室2厅,66.05平米,南,精装,中楼层(共6层),2004年建,板楼,249人关注,2个月以前发布,241,"36,488","121.688157,31.246190","""121.688157,31.246190""",VR看装修,房本满五年,,,https://sh.lianjia.com/ershoufang/107104500626.html
一手动迁，双南户型，诚意出售，带院子,宏伟新村 ,唐镇,2室1厅,66.46平米,南,简装,低楼层(共6层),1995年建,板楼,44人关注,1个月以前发布,232,"34,909","121.683182,31.234975","""121.683182,31.234975""",VR看装修,房本满五年,,,https://sh.lianjia.com/ershoufang/107104678878.html
一梯三户，1997年，非顶楼，诚心出售，可上虎林,泗塘一村 ,张庙,2室1厅,64.2平米,南 北,精装,高楼层(共6层),1997年建,板楼,46人关注,2个月以前发布,295,"45,951","121.453984,31.338627","""121.453984,31.338627""",VR看装修,房本满五年,,,https://sh.lianjia.com/ershoufang/107104542073.html
总价低，动迁房税费少，近地铁，不靠马路，配套齐全,大华一村 ,大华,2室1厅,51.2平米,南 北,简装,高楼层(共6层),1993年建,板楼,103人关注,3个月以前发布,296,"57,813","121.422586,31.275725","""121.422586,31.275725""",VR看装修,房本满五年,,,https://sh.lianjia.com/ershoufang/107104361067.html
此房满五，税费少，小区正中间位置,鹤北新村 ,老闵行,2室1厅,58.98平米,南,简装,高楼层(共6层),1993年建,板楼,4人关注,31天以前发布,289,"49,000","121.418864,31.011189","""121.418864,31.011189""",VR看装修,房本满五年,,,https://sh.lianjia.com/ershoufang/107104689552.html
中环边，户型方正，诚意出售 看房方便 小区改造已完成,联建新村(宝山) ,大场镇,2室1厅,63.69平米,南 北,简装,高楼层(共5层),1984年建,板楼,208人关注,4个月以前发布,270,"42,393","121.382532,31.299724","""121.382532,31.299724""",VR看装修,房本满五年,,,https://sh.lianjia.com/ershoufang/107104339169.html
鉆石楼层，一手动迁，税费少，看房方便，,宏伟新村 ,唐镇,2室1厅,69.19平米,南,简装,中楼层(共6层),1995年建,板楼,41人关注,1个月以前发布,248,"35,844","121.683182,31.234975","""121.683182,31.234975""",VR看装修,房本满五年,,,https://sh.lianjia.com/ershoufang/107104603559.html
精装2房 非底楼 采光好  地铁近 装修好  诚意出售,崧泽华城秀景苑(三期) ,赵巷,2室1厅,63.81平米,南,精装,低楼层(共11层),2015年建,板楼,199人关注,6个月以前发布,265,"41,530","121.156250,31.162545","""121.156250,31.162545""",VR房源,,随时看房,,https://sh.lianjia.com/ershoufang/107104033859.html
恒嘉花园房东诚意出售双南低楼层两房,恒嘉花园 ,江桥,2室1厅,61.54平米,南,简装,低楼层(共6层),1997年建,板楼,210人关注,4个月以前发布,250,"40,624","121.352983,31.261370","""121.352983,31.261370""",VR看装修,,随时看房,,https://sh.lianjia.com/ershoufang/107104339258.html
满五wei壹+刚需两房+配套全+居住舒适高+业主诚意出售,永红新村 ,南翔,2室1厅,55.59平米,南,精装,高楼层(共6层),1986年建,板楼,40人关注,1个月以前发布,235,"42,274","121.306583,31.294298","""121.306583,31.294298""",VR房源,,,,https://sh.lianjia.com/ershoufang/107104640236.html
低总价，近地铁，生活配套成熟。,朱家门小区 ,金桥,2室1厅,50.53平米,南 北,毛坯,高楼层(共6层),1988年建,板楼,93人关注,1个月以前发布,275,"54,424","121.580208,31.276043","""121.580208,31.276043""",VR看装修,,,近地铁,https://sh.lianjia.com/ershoufang/107104604661.html
一梯两户，南北户型，售后公房税费少。,乾溪新村 ,大场镇,2室1厅,55.24平米,南 北,简装,高楼层(共6层),1994年建,板楼,102人关注,1个月以前发布,268,"48,516","121.407670,31.304434","""121.407670,31.304434""",VR看装修,,,近地铁,https://sh.lianjia.com/ershoufang/107104655867.html
好房推荐+好房推荐+好房推荐+低总价+近地铁+全明户型,保德路1120弄 ,彭浦,2室1厅,51.09平米,南,简装,高楼层(共5层),1992年建,板楼,93人关注,1个月以前发布,286,"55,980","121.450333,31.315689","""121.450333,31.315689""",VR看装修,,,,https://sh.lianjia.com/ershoufang/107104620074.html
高楼层 采光好 看房便利 提前预约 诚意出售,桃浦十村（紫藤苑小区银杏路120弄） ,桃浦,2室1厅,50.78平米,南,简装,高楼层(共6层),1997年建,板楼,26人关注,3个月以前发布,240,"47,263","121.344537,31.287869","""121.344537,31.287869""",VR看装修,,,近地铁,https://sh.lianjia.com/ershoufang/107104460518.html
中间楼层，动迁房税费少，诚意出售,桃浦十村（紫藤苑小区白丽路701弄） ,桃浦,2室1厅,58.4平米,南,简装,中楼层(共6层),1998年建,板楼,32人关注,2个月以前发布,276,"47,261","121.344537,31.287869","""121.344537,31.287869""",VR看装修,,,近地铁,https://sh.lianjia.com/ershoufang/107104573612.html
客厅带窗，高楼层，采光通风好，可拎包入住。,桃浦十村（紫藤苑小区白丽路701弄） ,桃浦,2室1厅,54.05平米,南,精装,高楼层(共7层),1999年建,板楼,203人关注,1个月以前发布,232,"42,924","121.344537,31.287869","""121.344537,31.287869""",VR房源,,,近地铁,https://sh.lianjia.com/ershoufang/107104678643.html
七站到虹桥，逸泰雅苑景观楼层，得房率高,崧泽华城逸泰雅苑 ,赵巷,2室1厅,69平米,南,毛坯,高楼层(共16层),2014年建,板楼,21人关注,1个月以前发布,262,"37,972","121.160826,31.155894","""121.160826,31.155894""",,,,,https://sh.lianjia.com/ershoufang/107104676231.html
中间楼层 老少皆宜  满五年没有增值税 全明格局,凤庆小区 ,老闵行,2室1厅,57.71平米,南,简装,中楼层(共6层),1987年建,板楼,19人关注,7天以前发布,203,"35,176","121.401307,31.015456","""121.401307,31.015456""",VR看装修,房本满五年,,,https://sh.lianjia.com/ershoufang/107104777079.html
双南飞机户型，满五，近川沙地铁站，采光好，诚意出售,桃园新村(川沙) ,川沙,2室1厅,62.65平米,南,精装,高楼层(共5层),1993年建,板楼,171人关注,9个月以前发布,295,"47,087","121.700070,31.188358","""121.700070,31.188358""",VR看装修,房本满五年,,,https://sh.lianjia.com/ershoufang/107103618988.html
森兰精装修2房、紧急出售、近地铁6号、12号线！,东沟四村 ,高行,2室1厅,59.21平米,南,简装,高楼层(共6层),1994年建,板楼,102人关注,1个月以前发布,283,"47,796","121.574542,31.290923","""121.574542,31.290923""",VR看装修,房本满五年,,,https://sh.lianjia.com/ershoufang/107104595693.html
户型好，位置好，近地铁，生活方便。,新德五村 ,川沙,2室1厅,59.66平米,南,简装,高楼层(共6层),1994年建,板楼,159人关注,5个月以前发布,241,"40,396","121.691010,31.196608","""121.691010,31.196608""",VR房源,房本满五年,,,https://sh.lianjia.com/ershoufang/107104164702.html
次顶精装 产证满五税少 随时看房,宝林二村 ,淞宝,2室1厅,53.67平米,南 北,精装,高楼层(共6层),1990年建,板楼,12人关注,15天以前发布,260,"48,445","121.486182,31.400437","""121.486182,31.400437""",VR看装修,房本满五年,随时看房,,https://sh.lianjia.com/ershoufang/107104743725.html
店长推荐！！地铁口双南低总价两房！！！,桃浦一村瑞香苑 ,桃浦,2室1厅,60.75平米,南,简装,高楼层(共5层),1983年建,板楼,7人关注,3天以前发布,269,"44,280","121.352609,31.280076","""121.352609,31.280076""",VR房源,房本满两年,,近地铁,https://sh.lianjia.com/ershoufang/107104791604.html
双傅雷，张江南三轨交汇，南北格局，满五年，环境优美,圣鑫苑 ,周浦,2室1厅,62.99平米,南 北,精装,低楼层(共18层),2008年建,板楼,14人关注,5天以前发布,300,"47,627","121.584567,31.127408","""121.584567,31.127408""",VR看装修,房本满五年,,,https://sh.lianjia.com/ershoufang/107104783798.html
地铁14号线500米，精装修，全明户型，税费少,江桥二村 ,江桥,2室1厅,58.76平米,南,精装,高楼层(共6层),1994年建,板楼,7人关注,6天以前发布,258,"43,908","121.345820,31.255932","""121.345820,31.255932""",VR房源,房本满两年,,,https://sh.lianjia.com/ershoufang/107104782399.html
14号线嘉怡路地铁口+南北两房+中间位置+税费少,江桥一村 ,江桥,2室1厅,56.56平米,南,简装,高楼层(共6层),1989年建,板楼,14人关注,20天以前发布,265,"46,853","121.344898,31.258740","""121.344898,31.258740""",VR看装修,房本满五年,,,https://sh.lianjia.com/ershoufang/107104724209.html
精装修+低楼层+原始小两房+大阳台,汾西小区 ,彭浦,2室1厅,50.13平米,南,精装,低楼层(共6层),1991年建,板楼,31人关注,24天以前发布,295,"58,847","121.463196,31.314595","""121.463196,31.314595""",VR看装修,房本满五年,,,https://sh.lianjia.com/ershoufang/107104711212.html
"看夕阳西下，看鱼游戏水,税费少全明",桃浦四村易居紫荆苑 ,桃浦,2室1厅,62.76平米,西南,简装,低楼层(共6层),1993年建,板楼,26人关注,16天以前发布,290,"46,208","121.345870,31.285033","""121.345870,31.285033""",VR看装修,房本满五年,,近地铁,https://sh.lianjia.com/ershoufang/107104739673.html
石榴苑新上 精装 满五  距离11号线 350米 急,桃浦三村石榴苑 ,桃浦,2室1厅,62.03平米,南,精装,高楼层(共6层),1995年建,板楼,30人关注,11天以前发布,295,"47,558","121.345432,31.282562","""121.345432,31.282562""",VR看装修,房本满五年,,近地铁,https://sh.lianjia.com/ershoufang/107104759585.html
近地铁1.2公里，满五免个税，生活配套齐全，停车便利,城南小区 ,川沙,2室1厅,66.53平米,南,简装,低楼层(共6层),1995年建,板楼,5人关注,8天以前发布,260,"39,081","121.711627,31.190551","""121.711627,31.190551""",VR房源,房本满五年,,,https://sh.lianjia.com/ershoufang/107104775953.html
一手动迁税费少+2卧室朝南+通风采光好+业主诚意出售,紫薇茗庭 ,泗泾,2室1厅,66.62平米,南,简装,低楼层(共28层),2014年建,板楼,147人关注,5个月以前发布,239.5,"35,951","121.248078,31.091769","""121.248078,31.091769""",VR看装修,房本满五年,随时看房,,https://sh.lianjia.com/ershoufang/107104171040.html
近九号线佘山地铁站+交通便利+诚意出售+采光好,新凯城丹桂苑 ,泗泾,2室1厅,66.31平米,南,简装,低楼层(共11层),2011年建,板楼,391人关注,8个月以前发布,260,"39,210","121.232454,31.109775","""121.232454,31.109775""",VR看装修,房本满五年,随时看房,近地铁,https://sh.lianjia.com/ershoufang/107103865259.html
动迁房，税费少，房龄新，电梯房,美罗家园绣苑 ,罗店,2室1厅,67.58平米,南,毛坯,低楼层(共18层),2016年建,板楼,514人关注,8个月以前发布,245,"36,254","121.342979,31.389667","""121.342979,31.389667""",VR看装修,房本满两年,随时看房,,https://sh.lianjia.com/ershoufang/107103822000.html
近中环百联，地铁13号14号线，南北通透两房，总价低,真南小区 ,丰庄,2室1厅,57.11平米,南 北,简装,高楼层(共6层),1995年建,板楼,25人关注,20天以前发布,300,"52,531","121.373328,31.248588","""121.373328,31.248588""",VR看装修,房本满五年,,,https://sh.lianjia.com/ershoufang/107104723677.html
14号线地铁口，南北通，高楼层采光通风好，诚心出售,江桥二村 ,江桥,2室1厅,66.03平米,南 北,精装,高楼层(共6层),1994年建,板楼,20人关注,16天以前发布,297,"44,980","121.345820,31.255932","""121.345820,31.255932""",VR看装修,房本满五年,,,https://sh.lianjia.com/ershoufang/107104741714.html
海滨三村 2室0厅 东,海滨三村 ,淞宝,2室0厅,51.19平米,东,简装,低楼层(共6层),1986年建,板楼,13人关注,16天以前发布,230,"44,931","121.567291,30.863037","""121.567291,30.863037""",VR房源,房本满五年,,近地铁,https://sh.lianjia.com/ershoufang/107104738170.html
双南方正户型，单价低，税费少，视野开阔，采光好,桃浦七村雪松苑 ,桃浦,2室1厅,64.98平米,南,简装,高楼层(共6层),1995年建,板楼,6人关注,9天以前发布,298,"45,861","121.352070,31.287663","""121.352070,31.287663""",VR看装修,房本满五年,,近地铁,https://sh.lianjia.com/ershoufang/107104770241.html
价格可谈，诚意出售，拎包入住，正气双南,金丰苑三居 ,罗店,2室2厅,66.23平米,南,简装,高楼层(共18层),2014年建,板楼,380人关注,6个月以前发布,234,"35,332","121.335478,31.390609","""121.335478,31.390609""",VR看装修,房本满五年,随时看房,,https://sh.lianjia.com/ershoufang/107104024846.html
经典南北两房，业主诚意出售，满W,新华小区（龙吴路5599弄） ,吴泾,2室1厅,60.95平米,南 北,毛坯,高楼层(共6层),1995年建,板楼,37人关注,2个月以前发布,245,"40,197","121.465854,31.039938","""121.465854,31.039938""",VR看装修,房本满五年,随时看房,,https://sh.lianjia.com/ershoufang/107104498343.html
房子满五年少税 厨卫朝北 采光充足 出行便利 配套成熟,吉浦路615弄 ,高境,2室1厅,51.27平米,南,简装,高楼层(共6层),1992年建,板楼,125人关注,3个月以前发布,253,"49,347","121.491949,31.317485","""121.491949,31.317485""",VR看装修,房本满五年,随时看房,,https://sh.lianjia.com/ershoufang/107104357711.html
庆安一村！双南方厅！一梯两户！户型全明！近地铁！,庆安一村 ,月浦,2室1厅,57.18平米,南,简装,高楼层(共6层),1996年建,板楼,107人关注,9个月以前发布,215,"37,601","121.435802,31.407565","""121.435802,31.407565""",VR看装修,房本满五年,随时看房,,https://sh.lianjia.com/ershoufang/107103584085.html
此房满五，中间楼层，户型方正，南北通。,海滨五村 ,淞宝,2室1厅,57.78平米,南,毛坯,中楼层(共6层),1988年建,板楼,29人关注,5个月以前发布,278,"48,114","121.691010,31.196608","""121.691010,31.196608""",VR看装修,房本满五年,随时看房,,https://sh.lianjia.com/ershoufang/107104184612.html
南北户型，产权清晰，近地铁，配套成熟，满五年,海滨四村 ,淞宝,2室1厅,63.72平米,南,精装,高楼层(共6层),1989年建,板楼,13人关注,1个月以前发布,270,"42,373","121.494478,31.383614","""121.494478,31.383614""",VR看装修,房本满五年,随时看房,近地铁,https://sh.lianjia.com/ershoufang/107104611477.html
满*五*唯*一税费少，业主诚心出售，主卧朝南带阳台,凌桥二村 ,外高桥,2室1厅,66.29平米,南,简装,高楼层(共6层),1995年建,板楼,72人关注,1个月以前发布,230,"34,697","121.541630,31.363389","""121.541630,31.363389""",VR看装修,房本满五年,随时看房,,https://sh.lianjia.com/ershoufang/107104612239.html
近中环，低总价 税费少，近地铁15号线  *，,安居古浪新苑 ,桃浦,2室1厅,55.61平米,南 东南,简装,高楼层(共6层),1994年建,板楼,408人关注,7个月以前发布,289,"51,970","121.382346,31.285460","""121.382346,31.285460""",VR房源,房本满五年,随时看房,,https://sh.lianjia.com/ershoufang/107103935471.html
近地铁，精装修，次新房品质小区，有密码，看房方便,金地城三期御领 ,惠南,2室1厅,60.1平米,南,精装,低楼层(共17层),,板楼,148人关注,8个月以前发布,258,"42,929","121.768424,31.057117","""121.768424,31.057117""",VR看装修,房本满两年,随时看房,,https://sh.lianjia.com/ershoufang/107103787065.html
南北两房 电梯房 看房方便 配套齐全,氯碱小区 ,吴泾,2室1厅,68.59平米,南,简装,中楼层(共18层),1992年建,塔楼,19人关注,6个月以前发布,255,"37,178","121.476214,31.045094","""121.476214,31.045094""",VR看装修,房本满五年,随时看房,,https://sh.lianjia.com/ershoufang/107104010240.html
中间楼层 户型方正 全明 小区中间位置 满五 两房,永清二村 ,淞宝,2室1厅,56.53平米,西南,简装,中楼层(共6层),1993年建,板楼,56人关注,8个月以前发布,270,"47,763","121.494937,31.388344","""121.494937,31.388344""",VR看装修,房本满两年,随时看房,,https://sh.lianjia.com/ershoufang/107103826993.html
您想找的房子就在这，满五年，南北全明。闹中取静。,桃浦四村易居紫荆苑 ,桃浦,2室1厅,63.12平米,南,简装,高楼层(共6层),1995年建,板楼,73人关注,2个月以前发布,293,"46,420","121.345870,31.285033","""121.345870,31.285033""",VR看装修,房本满五年,随时看房,近地铁,https://sh.lianjia.com/ershoufang/107104511882.html
南北户型大两房、空置随时看房呀,潼港二村 ,外高桥,2室1厅,67.57平米,南 北,简装,中楼层(共6层),1994年建,板楼,73人关注,6个月以前发布,290,"42,919","121.574159,31.341108","""121.574159,31.341108""",VR看装修,房本满五年,随时看房,,https://sh.lianjia.com/ershoufang/107104048901.html
经典两房，户型方正，视野开阔，采光充足。,罗南一村 ,罗店,2室1厅,65.3平米,南,简装,高楼层(共6层),1994年建,板楼,227人关注,2个月以前发布,210,"32,160","121.362148,31.383943","""121.362148,31.383943""",VR看装修,房本满两年,随时看房,近地铁,https://sh.lianjia.com/ershoufang/107104483915.html
杨浦2字打头低单价、低总价标准两房,水电新村 ,新江湾城,2室1厅,58.2平米,南 北,简装,高楼层(共6层),1994年建,板楼,95人关注,2个月以前发布,290,"49,829","121.528111,31.334639","""121.528111,31.334639""",VR看装修,房本满五年,随时看房,,https://sh.lianjia.com/ershoufang/107104509524.html
满五 地铁口 居家装修 一梯两户 全明,呼玛三村 ,张庙,2室1厅,56.53平米,南,精装,高楼层(共6层),1996年建,板楼,26人关注,2个月以前发布,300,"53,070","121.440513,31.340900","""121.440513,31.340900""",VR看装修,房本满五年,随时看房,近地铁,https://sh.lianjia.com/ershoufang/107104573686.html
诚意出售 总价低 单价低 看房方便,淞南四村 ,淞南,2室1厅,63.03平米,南,毛坯,高楼层(共6层),1996年建,板楼,100人关注,2个月以前发布,295,"46,804","121.491635,31.343500","""121.491635,31.343500""",VR房源,房本满五年,随时看房,近地铁,https://sh.lianjia.com/ershoufang/107104515663.html
精装修，已改两房，南北通透，楼层好采光足，交通便利,嘉利坊 ,丰庄,2室1厅,55.16平米,南 北,简装,高楼层(共6层),1996年建,板楼,57人关注,4个月以前发布,285,"51,668","121.378406,31.255376","""121.378406,31.255376""",VR看装修,房本满五年,随时看房,,https://sh.lianjia.com/ershoufang/107104319153.html
新凯城银杏苑 2室1厅 南,新凯城银杏苑 ,泗泾,2室1厅,69.8平米,南,精装,低楼层(共18层),2012年建,板楼,51人关注,4个月以前发布,265,"37,966","121.238565,31.113781","""121.238565,31.113781""",VR看装修,房本满五年,,,https://sh.lianjia.com/ershoufang/107104252653.html
精装修2年，2房朝南，户型正气，采光足，视野好,城南小区 ,川沙,2室1厅,65.55平米,南,精装,低楼层(共6层),1994年建,板楼,70人关注,5个月以前发布,285,"43,479","121.711627,31.190551","""121.711627,31.190551""",VR看装修,房本满两年,,,https://sh.lianjia.com/ershoufang/107104188607.html
一房已经改好两房，全南户型税费少，采光没有遮挡,环绿国际 ,顾村,2室1厅,68.41平米,南,简装,低楼层(共18层),2008年建,板楼,159人关注,5个月以前发布,270,"39,468","121.384486,31.356536","""121.384486,31.356536""",VR房源,房本满五年,,,https://sh.lianjia.com/ershoufang/107104144002.html
店长推荐，精装修，两房朝南，诚意出售,新凯城紫竹苑 ,泗泾,2室1厅,67.94平米,南,精装,低楼层(共12层),2011年建,板楼,104人关注,5个月以前发布,260,"38,270","121.230238,31.109821","""121.230238,31.109821""",VR看装修,房本满五年,,近地铁,https://sh.lianjia.com/ershoufang/107104210470.html
一手动迁，免增值税，前排位置好，没有遮挡,丽水雅苑 ,惠南,2室1厅,69平米,南,毛坯,低楼层(共18层),,板楼,49人关注,4个月以前发布,211,"30,580","121.755779,31.067371","""121.755779,31.067371""",VR看装修,房本满两年,,,https://sh.lianjia.com/ershoufang/107104322454.html
满五年，税费少，户型正气，诚意出售,鸿福新村 ,梅陇,2室1厅,51.9平米,南,精装,低楼层(共6层),1994年建,板楼,54人关注,4个月以前发布,283,"54,528","121.418627,31.124340","""121.418627,31.124340""",VR看装修,房本满五年,,,https://sh.lianjia.com/ershoufang/107104340111.html
小区环境优美 南北两房 税费少 诚意出售,真建一小区 ,桃浦,2室1厅,54.49平米,南 北,简装,高楼层(共6层),1994年建,板楼,39人关注,6个月以前发布,285,"52,304","121.380925,31.261635","""121.380925,31.261635""",VR看装修,房本满五年,,,https://sh.lianjia.com/ershoufang/107104067998.html
房子满五年唯 一，采光好视野开阔，业主诚心出售,天极盛宅花园 ,顾村,2室1厅,67.2平米,南 北,简装,高楼层(共5层),1995年建,板楼,74人关注,1个月以前发布,245,"36,459","121.415629,31.352645","""121.415629,31.352645""",VR看装修,房本满五年,,,https://sh.lianjia.com/ershoufang/107104681114.html
房型方正，小区环境优越，性价较高,曙航苑 ,川沙,2室1厅,66.06平米,南,简装,高楼层(共6层),1993年建,板楼,58人关注,4个月以前发布,270,"40,872","121.710169,31.190166","""121.710169,31.190166""",VR房源,房本满五年,,,https://sh.lianjia.com/ershoufang/107104271901.html
此房满五，v一，税费少楼层好，近14号地铁嘉怡路站,恒嘉花园 ,江桥,2室1厅,68.31平米,南 北,简装,中楼层(共7层),2001年建,板楼,111人关注,1个月以前发布,278,"40,697","121.352983,31.261370","""121.352983,31.261370""",VR看装修,房本满五年,,,https://sh.lianjia.com/ershoufang/107104589307.html
楼层好，采光好足，得房率高，户型方正,红旗三村 ,老闵行,2室1厅,53.18平米,南 北,简装,低楼层(共6层),1989年建,板楼,81人关注,6个月以前发布,203,"38,173","121.400001,31.010602","""121.400001,31.010602""",VR房源,房本满两年,,,https://sh.lianjia.com/ershoufang/107104028644.html
精装修，交通便利，位置安静，总价低税费少，诚意出售,吉浦路615弄 ,高境,2室1厅,50.19平米,南,精装,高楼层(共6层),1994年建,板楼,24人关注,3个月以前发布,275,"54,792","121.491949,31.317485","""121.491949,31.317485""",VR看装修,房本满五年,,,https://sh.lianjia.com/ershoufang/107104415291.html
户型方正，采光好，近地铁，交通便利,罗南二村 ,罗店,2室1厅,69.83平米,南,简装,高楼层(共6层),1996年建,板楼,24人关注,2个月以前发布,219,"31,362","121.366451,31.387761","""121.366451,31.387761""",VR看装修,房本满五年,,,https://sh.lianjia.com/ershoufang/107104514408.html
东沟二村 2室1厅 南 北,东沟二村 ,高行,2室1厅,58.37平米,南 北,简装,高楼层(共6层),1993年建,板楼,3人关注,2个月以前发布,279,"47,799","121.575659,31.292789","""121.575659,31.292789""",VR房源,房本满五年,,,https://sh.lianjia.com/ershoufang/107104490145.html
高楼层   视野棒   售后公房    诚意出售,桃浦十村（紫藤苑小区白丽路701弄） ,桃浦,2室1厅,58.83平米,南,毛坯,高楼层(共6层),1998年建,板楼,48人关注,3个月以前发布,260,"44,196","121.344537,31.287869","""121.344537,31.287869""",VR看装修,房本满两年,,近地铁,https://sh.lianjia.com/ershoufang/107104355201.html
出行便利，通风采光好，小区安静,美罗家园宝欣苑七村 ,罗店,2室1厅,69.08平米,南,简装,低楼层(共18层),2014年建,板楼,44人关注,1个月以前发布,240,"34,743","121.338470,31.385902","""121.338470,31.385902""",VR看装修,房本满两年,,,https://sh.lianjia.com/ershoufang/107104611528.html
13、14地铁南北通，厅带窗，全明，诚心出售，满5,丰庄四村 ,丰庄,2室1厅,58.45平米,南 北,简装,高楼层(共6层),1996年建,板楼,23人关注,18天以前发布,295,"50,471","121.369540,31.247910","""121.369540,31.247910""",VR房源,房本满五年,,,https://sh.lianjia.com/ershoufang/107104732132.html
满五年，房子位置好，业主诚心。,东江小区 ,老闵行,2室1厅,61.52平米,南,简装,高楼层(共5层),1995年建,板楼,39人关注,24天以前发布,250,"40,638","121.419760,31.008308","""121.419760,31.008308""",VR看装修,房本满五年,,,https://sh.lianjia.com/ershoufang/107104712281.html
双南小两房、总价低、房东诚意出售、看房随时,朱家门小区 ,金桥,2室1厅,50.95平米,南,简装,高楼层(共6层),1992年建,板楼,53人关注,17天以前发布,295,"57,900","121.580208,31.276043","""121.580208,31.276043""",VR看装修,房本满两年,,近地铁,https://sh.lianjia.com/ershoufang/107104737936.html
此房满五税费少，采光充足，楼层好，配套齐全,李园一村 ,嘉定老城,2室1厅,66.49平米,南,简装,中楼层(共6层),1989年建,板楼,5人关注,16天以前发布,203,"30,531","121.254672,31.390855","""121.254672,31.390855""",VR看装修,房本满五年,,,https://sh.lianjia.com/ershoufang/107104740289.html
南北透格局，视野宽阔，采光充足，交通便利，接受周期,通波小区 ,松江老城,2室1厅,60.24平米,南,精装,高楼层(共6层),1994年建,板楼,4人关注,30天以前发布,233,"38,679","121.239835,31.015546","""121.239835,31.015546""",VR看装修,房本满两年,,,https://sh.lianjia.com/ershoufang/107104693380.html
满五年，有钥匙看房方便，业主诚意出售。,临汾路1515弄 ,彭浦,2室0厅,51.75平米,南,毛坯,高楼层(共6层),1995年建,板楼,1人关注,22天以前发布,294,"56,812","121.436702,31.308753","""121.436702,31.308753""",VR看装修,,随时看房,,https://sh.lianjia.com/ershoufang/107104716947.html
永德小区大两房 ，独立厨卫，交通便利，小区环境优美,永德小区 ,吴泾,2室1厅,51.66平米,南 西,简装,高楼层(共6层),1987年建,板楼,20人关注,22天以前发布,205,"39,683","121.465414,31.044453","""121.465414,31.044453""",VR房源,,随时看房,,https://sh.lianjia.com/ershoufang/107104719960.html
主卧朝东带阳台，朝南有窗户，高层采光好，厨卫全明。,宝钢三村 ,淞宝,2室0厅,50.88平米,东南,简装,高楼层(共6层),1981年建,板楼,93人关注,一年前发布,275,"54,049","121.480977,31.402873","""121.480977,31.402873""",VR房源,房本满五年,,近地铁,https://sh.lianjia.com/ershoufang/107101570144.html
此房满五，看房方便，诚心出售。,通海一小区 ,吴泾,2室1厅,67.92平米,南,简装,中楼层(共6层),1994年建,板楼,16人关注,5个月以前发布,256,"37,692","121.469057,31.042145","""121.469057,31.042145""",VR看装修,房本满五年,随时看房,,https://sh.lianjia.com/ershoufang/107104209283.html
康乐小户型，房龄2010年，临碧江广场+五院+5号线地铁,康乐花园(闵行) ,老闵行,2室1厅,54.08平米,南,精装,高楼层(共5层),2010年建,板楼,94人关注,4个月以前发布,203,"37,537","121.401672,31.006639","""121.401672,31.006639""",VR看装修,房本满两年,随时看房,,https://sh.lianjia.com/ershoufang/107104298719.html
新上近地铁两房，业主诚意出售，看房方便,宜川六村 ,甘泉宜川,2室1厅,50.59平米,南,简装,中楼层(共5层),1957年建,板楼,85人关注,1个月以前发布,280,"55,347","121.438968,31.258107","""121.438968,31.258107""",VR看装修,房本满五年,随时看房,近地铁,https://sh.lianjia.com/ershoufang/107104625356.html
无增值税 户型方正  生活便利 采光好  车位充足,乾溪二村 ,大场镇,2室1厅,61.09平米,东,简装,高楼层(共6层),1995年建,板楼,221人关注,6个月以前发布,298,"48,781","121.403433,31.306167","""121.403433,31.306167""",VR看装修,房本满五年,随时看房,,https://sh.lianjia.com/ershoufang/107104011489.html
城南居委小区，小区央座，满五年，无个税，,城南居委小区 ,川沙,2室1厅,50.44平米,南,简装,高楼层(共5层),1982年建,板楼,49人关注,9个月以前发布,245,"48,573","121.413680,31.184135","""121.413680,31.184135""",VR看装修,房本满五年,随时看房,,https://sh.lianjia.com/ershoufang/107103671345.html
乐业五村吉买盛200米处，采光明亮充足，简单装修,乐业五村 ,月浦,2室2厅,69.59平米,南,简装,高楼层(共6层),1995年建,板楼,84人关注,一年前发布,247,"35,494","121.424511,31.410007","""121.424511,31.410007""",VR看装修,房本满五年,,,https://sh.lianjia.com/ershoufang/107102922037.html
氯碱房改房 低税费 满五年 两室朝南好户型,氯碱小区 ,吴泾,2室1厅,57.05平米,南,简装,高楼层(共6层),1988年建,板楼,58人关注,4个月以前发布,200,"35,057","121.476214,31.045094","""121.476214,31.045094""",VR看装修,房本满五年,,,https://sh.lianjia.com/ershoufang/107104259260.html
南北通透 采光充足 配套设施齐全 交通便利 楼层好,宝山三村 ,淞宝,2室1厅,52.8平米,南 北,简装,中楼层(共6层),1994年建,板楼,4人关注,3个月以前发布,278,"52,652","121.497066,31.393510","""121.497066,31.393510""",VR看装修,房本满五年,,,https://sh.lianjia.com/ershoufang/107104418981.html
南北通透两房 环境好 采光好 近地铁  配套齐全,桃浦六村绿春苑 ,桃浦,2室1厅,53.12平米,南 北,简装,高楼层(共6层),1993年建,板楼,109人关注,5个月以前发布,260,"48,946","121.355258,31.285300","""121.355258,31.285300""",VR房源,房本满两年,,近地铁,https://sh.lianjia.com/ershoufang/107104144450.html
底楼2房带L天井 房型方正 小区中间位置 诚意出售,永清二村 ,淞宝,2室1厅,54.73平米,东南,简装,低楼层(共6层),1993年建,板楼,45人关注,6个月以前发布,263,"48,055","121.494937,31.388344","""121.494937,31.388344""",VR看装修,房本满五年,,,https://sh.lianjia.com/ershoufang/107104018228.html
总价低，户型好，*，税费少,东川苑 ,老闵行,2室1厅,58.25平米,南,简装,高楼层(共6层),1995年建,板楼,211人关注,4个月以前发布,202,"34,679","121.397293,31.007397","""121.397293,31.007397""",VR房源,房本满五年,,近地铁,https://sh.lianjia.com/ershoufang/107104343182.html
近地铁，两房朝南，房型正气，业主诚意出售,乐业一村 ,月浦,2室1厅,55.83平米,南,简装,高楼层(共6层),1993年建,板楼,40人关注,6个月以前发布,210,"37,615","121.434546,31.411030","""121.434546,31.411030""",VR看装修,房本满五年,,,https://sh.lianjia.com/ershoufang/107104033846.html
南中街的河景房，坐拥马桥好风光！,南中街51号 ,老闵行,2室1厅,65.28平米,南,简装,中楼层(共5层),1991年建,板楼,78人关注,3个月以前发布,218,"33,395","121.371168,31.028154","""121.371168,31.028154""",VR看装修,房本满五年,,,https://sh.lianjia.com/ershoufang/107104384868.html
非顶楼+0个税，总价低，小区美，停车位宽裕！看房随时,真建一小区 ,桃浦,2室1厅,59.27平米,南,简装,高楼层(共6层),1994年建,板楼,26人关注,5个月以前发布,295,"49,773","121.380925,31.261635","""121.380925,31.261635""",VR房源,房本满五年,,,https://sh.lianjia.com/ershoufang/107104147276.html
新上房源+近地铁+满五年税费少+到价签字,庆安一村 ,月浦,2室1厅,57.18平米,南,简装,高楼层(共6层),1996年建,板楼,77人关注,6个月以前发布,220,"38,475","121.435802,31.407565","""121.435802,31.407565""",VR看装修,房本满五年,,,https://sh.lianjia.com/ershoufang/107104073886.html
乐业二村！采光好！带装修！满五年！位置佳！交通便！,乐业二村 ,月浦,2室1厅,54.97平米,南 北,精装,高楼层(共6层),1995年建,板楼,78人关注,4个月以前发布,203,"36,930","121.432497,31.410272","""121.432497,31.410272""",VR看装修,房本满五年,,,https://sh.lianjia.com/ershoufang/107104287377.html
精装修，可直接拎包入住，前面无遮挡，视野开阔,中冶尚园 ,月浦,2室1厅,61.82平米,南,精装,低楼层(共11层),2012年建,板楼,100人关注,8个月以前发布,225,"36,396","121.413628,31.426438","""121.413628,31.426438""",VR看装修,房本满五年,,,https://sh.lianjia.com/ershoufang/107103779254.html
罗南二村 楼层好 位置佳 诚心出售,罗南二村 ,罗店,2室1厅,69.83平米,南,简装,中楼层(共6层),1996年建,板楼,166人关注,7个月以前发布,232,"33,224","121.366451,31.387761","""121.366451,31.387761""",VR看装修,房本满五年,,近地铁,https://sh.lianjia.com/ershoufang/107103956753.html
观澜 五三  总价低   全明户型,城南居委小区 ,川沙,2室1厅,54.3平米,南,简装,高楼层(共5层),1981年建,板楼,38人关注,4个月以前发布,245,"45,120","121.413680,31.184135","""121.413680,31.184135""",VR看装修,房本满两年,,,https://sh.lianjia.com/ershoufang/107104305749.html
房子满五年，采光充足，通风良好，交通便利，配套齐全,海滨八村 ,淞宝,2室1厅,56.6平米,南 北,简装,高楼层(共6层),1986年建,板楼,14人关注,1个月以前发布,235,"41,520","121.497996,31.382111","""121.497996,31.382111""",VR看装修,房本满五年,,,https://sh.lianjia.com/ershoufang/107104583275.html
诚心出售的南北两房，通风效果佳，采光足,淞南七村 ,淞南,2室1厅,61.61平米,南,简装,高楼层(共6层),1997年建,板楼,133人关注,9个月以前发布,298,"48,369","121.482004,31.334276","""121.482004,31.334276""",VR看装修,房本满五年,,,https://sh.lianjia.com/ershoufang/107103719747.html
双南两房，户型方正，客厅带窗，满五年,海滨七村 ,淞宝,2室1厅,56.47平米,南,简装,高楼层(共6层),1986年建,板楼,35人关注,1个月以前发布,243,"43,032","121.397467,31.093576","""121.397467,31.093576""",VR看装修,房本满五年,,近地铁,https://sh.lianjia.com/ershoufang/107104578161.html
永清新村 双南户型 顶楼有尖顶 满5年 看房方便,永清新村 ,淞宝,2室1厅,56.02平米,南,简装,高楼层(共6层),1991年建,板楼,37人关注,5个月以前发布,245,"43,735","121.498257,31.391196","""121.498257,31.391196""",VR看装修,房本满五年,,,https://sh.lianjia.com/ershoufang/107104205233.html
虹桥机场新村全明小两房户型，交通便利，总价低！,虹桥机场新村 ,西郊,2室1厅,54.14平米,南,简装,高楼层(共6层),1988年建,板楼,105人关注,5个月以前发布,290,"53,565","121.356217,31.184097","""121.356217,31.184097""",VR看装修,房本满五年,,,https://sh.lianjia.com/ershoufang/107104177086.html
满五年，南北通，次顶楼采光好视野价，可看可签诚意售,保德路425弄 ,彭浦,2室1厅,52.66平米,南,简装,高楼层(共6层),1988年建,板楼,186人关注,4个月以前发布,300,"56,970","121.458550,31.316320","""121.458550,31.316320""",VR看装修,房本满五年,,,https://sh.lianjia.com/ershoufang/107104331174.html
店长力荐  房子临河  带幼儿园  旁有公园,李园一村 ,嘉定老城,2室1厅,69.73平米,南,简装,高楼层(共6层),1990年建,板楼,25人关注,1个月以前发布,215,"30,834","121.254672,31.390855","""121.254672,31.390855""",VR房源,房本满五年,,,https://sh.lianjia.com/ershoufang/107104667806.html
一梯两户 南北两房 满五年 楼层好 家庭只有这一套住宅,宝钢四村 ,淞宝,2室1厅,59.5平米,南 北,毛坯,中楼层(共6层),1994年建,板楼,15人关注,2个月以前发布,288,"48,404","121.486631,31.406873","""121.486631,31.406873""",VR看装修,房本满五年,,,https://sh.lianjia.com/ershoufang/107104492710.html
满五 双南全明户型 南北通 看房方便 业主诚心卖,乐业五村 ,月浦,2室1厅,55.99平米,南,简装,高楼层(共6层),1997年建,板楼,101人关注,6个月以前发布,205,"36,614","121.424511,31.410007","""121.424511,31.410007""",VR看装修,房本满五年,,,https://sh.lianjia.com/ershoufang/107104091484.html
满五 中间楼层 双南 精装修  看房方便 业主诚心售,乐业五村 ,月浦,2室1厅,68.61平米,南,精装,中楼层(共6层),1995年建,板楼,43人关注,6个月以前发布,260,"37,896","121.424511,31.410007","""121.424511,31.410007""",VR看装修,房本满五年,,,https://sh.lianjia.com/ershoufang/107104092584.html
南北户型，采光明亮，满5年，出入方便，吉买盛200米处,乐业五村 ,月浦,2室1厅,60.52平米,南 北,简装,高楼层(共6层),1994年建,板楼,7人关注,1个月以前发布,210,"34,700","121.424511,31.410007","""121.424511,31.410007""",VR看装修,房本满五年,,,https://sh.lianjia.com/ershoufang/107104678874.html
1/3号线双轨交，精装，双阳台，全明户型，看房方便,乐业五村 ,月浦,2室1厅,56.26平米,南 北,精装,高楼层(共6层),1996年建,板楼,37人关注,5个月以前发布,210,"37,327","121.424511,31.410007","""121.424511,31.410007""",VR看装修,房本满五年,,,https://sh.lianjia.com/ershoufang/107104226991.html
房子满五年 税费少  近地铁 看房方便 诚意出售,庆安一村 ,月浦,2室1厅,57.18平米,南,简装,高楼层(共6层),1996年建,板楼,32人关注,1个月以前发布,214,"37,426","121.435802,31.407565","""121.435802,31.407565""",VR看装修,房本满五年,,,https://sh.lianjia.com/ershoufang/107104670222.html
满五，税费少，高楼层，采光充足，视野宽阔，,乐业五村 ,月浦,2室1厅,58.44平米,南,简装,高楼层(共6层),1994年建,板楼,26人关注,4个月以前发布,205,"35,079","121.424511,31.410007","""121.424511,31.410007""",VR看装修,房本满五年,,,https://sh.lianjia.com/ershoufang/107104327653.html
好房！地铁口小区中楼层精装修拎包即住,桃浦一村瑞香苑 ,桃浦,2室1厅,56.6平米,南,精装,中楼层(共6层),1990年建,板楼,202人关注,2个月以前发布,255,"45,054","121.352609,31.280076","""121.352609,31.280076""",VR看装修,房本满五年,,近地铁,https://sh.lianjia.com/ershoufang/107104484922.html
装修好，中间楼层，业主诚心出售，看房方便,海江二村 ,淞宝,2室1厅,58.73平米,南 北,精装,中楼层(共6层),1995年建,板楼,21人关注,2个月以前发布,272,"46,314","121.502919,31.392950","""121.502919,31.392950""",VR看装修,房本满两年,,,https://sh.lianjia.com/ershoufang/107104520095.html
小区安静 交通配套齐全  业主诚心卖,三门路489弄 ,高境,2室1厅,55.08平米,南 北,简装,高楼层(共6层),1995年建,板楼,67人关注,1个月以前发布,295,"53,559","121.492549,31.312912","""121.492549,31.312912""",VR房源,房本满五年,,,https://sh.lianjia.com/ershoufang/107104595999.html
满五唯*一，带飘窗+双轨交汇，配套齐全，生活便利,和龙新苑 ,外高桥,2室1厅,55.11平米,南,简装,低楼层(共6层),2006年建,板楼,6人关注,4个月以前发布,289,"52,441","121.567083,31.349427","""121.567083,31.349427""",VR房源,房本满五年,,近地铁,https://sh.lianjia.com/ershoufang/107104326141.html
满五年+税费少+2号线+业主诚意出售+交通便利,曙航苑 ,川沙,2室1厅,66.06平米,南,简装,低楼层(共6层),1994年建,板楼,18人关注,6个月以前发布,272,"41,175","121.710169,31.190166","""121.710169,31.190166""",VR房源,房本满五年,,,https://sh.lianjia.com/ershoufang/107104069457.html
采光通风好，满五年两房，交通便利,永德小区 ,吴泾,2室1厅,54.82平米,南 北,简装,高楼层(共6层),1994年建,板楼,50人关注,2个月以前发布,210,"38,308","121.465414,31.044453","""121.465414,31.044453""",VR房源,房本满两年,,,https://sh.lianjia.com/ershoufang/107104525805.html
南北户型满5年一套住房看房预约顶楼有平改坡！,乐业五村 ,月浦,2室1厅,56.66平米,南,简装,高楼层(共6层),1996年建,板楼,28人关注,7个月以前发布,206,"36,358","121.424511,31.410007","""121.424511,31.410007""",VR看装修,房本满五年,,,https://sh.lianjia.com/ershoufang/107103990507.html
双南方正户型，单价低，税费少，视野开阔,桃浦七村雪松苑 ,桃浦,2室1厅,64.98平米,南,毛坯,高楼层(共6层),1995年建,板楼,80人关注,1个月以前发布,275,"42,321","121.352070,31.287663","""121.352070,31.287663""",VR看装修,房本满五年,,近地铁,https://sh.lianjia.com/ershoufang/107104628773.html
满五，采光充足，交通方便，诚意出售,罗南二村 ,罗店,2室1厅,69.93平米,南,简装,高楼层(共6层),1997年建,板楼,19人关注,1个月以前发布,220,"31,461","121.366451,31.387761","""121.366451,31.387761""",VR看装修,房本满五年,,,https://sh.lianjia.com/ershoufang/107104638584.html
城南满五全明婚房精装中楼层自住两房主卧朝南带阳台,城南小区 ,川沙,2室1厅,66.53平米,南 北,精装,中楼层(共6层),1994年建,板楼,155人关注,6个月以前发布,263,"39,532","121.711627,31.190551","""121.711627,31.190551""",VR看装修,房本满五年,,,https://sh.lianjia.com/ershoufang/107104049843.html
双南户型   视野开阔   门口配套全,新凯城银杏苑 ,泗泾,2室1厅,69.8平米,南,精装,低楼层(共18层),2012年建,板楼,108人关注,5个月以前发布,260,"37,250","121.238565,31.113781","""121.238565,31.113781""",VR看装修,房本满两年,,,https://sh.lianjia.com/ershoufang/107104124456.html
小区真边套在售，店长推荐，诚意出售,塘和家园登云苑 ,泗泾,2室1厅,68.21平米,南,简装,低楼层(共18层),2015年建,板楼,108人关注,7个月以前发布,255,"37,385","121.255387,31.100760","""121.255387,31.100760""",VR看装修,房本满两年,,,https://sh.lianjia.com/ershoufang/107103982259.html
经典小两房 采光好、满五唯 一税费少 诚意出售,东沪园 ,顾村,2室1厅,59.33平米,南,简装,高楼层(共6层),1996年建,板楼,65人关注,1个月以前发布,208,"35,059","121.393729,31.341572","""121.393729,31.341572""",VR看装修,房本满两年,,,https://sh.lianjia.com/ershoufang/107104683969.html
"满5年，一梯两户，南北房，采光好，全明户型,刚需选择",红旗四街坊 ,老闵行,2室1厅,59.62平米,南,简装,高楼层(共6层),1994年建,板楼,199人关注,4个月以前发布,209,"35,056","121.397832,31.014377","""121.397832,31.014377""",VR看装修,房本满五年,,,https://sh.lianjia.com/ershoufang/107104309383.html
满五年，不靠轻轨，诚意出售，看房方便,新凯城锦昌苑 ,泗泾,2室1厅,69.36平米,南,毛坯,低楼层(共13层),2011年建,板楼,94人关注,8个月以前发布,273,"39,360","121.234244,31.112750","""121.234244,31.112750""",VR房源,房本满五年,,,https://sh.lianjia.com/ershoufang/107103803867.html
业主说满五仅一套+一房价买两房+诚意出售+产权清晰,真建一小区 ,桃浦,2室1厅,60.08平米,南,简装,高楼层(共6层),1994年建,板楼,5人关注,12天以前发布,290,"48,269","121.380925,31.261635","""121.380925,31.261635""",VR看装修,,,,https://sh.lianjia.com/ershoufang/107104755514.html
近地铁，精装修，两房朝南，户型方正，税费少,新凯城香樟苑 ,泗泾,2室1厅,68.08平米,南,精装,低楼层(共12层),2011年建,板楼,106人关注,9个月以前发布,272,"39,953","121.231959,31.111962","""121.231959,31.111962""",VR看装修,房本满五年,,,https://sh.lianjia.com/ershoufang/107103614530.html
诚意出售，希望找到有缘人居住，诚意出售，到价签字,桃浦十村（紫藤苑小区白丽路701弄） ,桃浦,2室1厅,50.35平米,南,精装,高楼层(共7层),1998年建,板楼,956人关注,一年前发布,235,"46,674","121.344537,31.287869","""121.344537,31.287869""",VR看装修,房本满五年,,近地铁,https://sh.lianjia.com/ershoufang/107102128969.html
双南户型，闹中取静，高得房率，满five年税费少,桃浦一村(武威路1051弄) ,桃浦,2室1厅,57.39平米,南,简装,高楼层(共6层),1992年建,板楼,104人关注,8个月以前发布,270,"47,047","121.354968,31.280364","""121.354968,31.280364""",VR看装修,房本满五年,,近地铁,https://sh.lianjia.com/ershoufang/107103776960.html
近南翔老街，配套齐全，出行方便,南华小区 ,南翔,2室1厅,61.38平米,南,简装,高楼层(共6层),1987年建,板楼,87人关注,3个月以前发布,232,"37,798","121.307809,31.287279","""121.307809,31.287279""",VR看装修,房本满五年,,,https://sh.lianjia.com/ershoufang/107104369678.html
全明户型 ，满五年，近地铁，采光好，交通便利,呼玛五村 ,张庙,2室1厅,56.86平米,南 北,简装,高楼层(共6层),1996年建,板楼,133人关注,6个月以前发布,291,"51,179","121.438880,31.341267","""121.438880,31.341267""",VR看装修,房本满五年,,近地铁,https://sh.lianjia.com/ershoufang/107104003439.html
桃浦三村石榴苑+近地铁+采光充足+配套齐全,桃浦三村石榴苑 ,桃浦,2室1厅,51.48平米,南,简装,高楼层(共6层),1995年建,板楼,25人关注,2个月以前发布,240,"46,621","121.345432,31.282562","""121.345432,31.282562""",VR看装修,房本满五年,,近地铁,https://sh.lianjia.com/ershoufang/107104550824.html
近地铁+两房朝南+*+采光好通透+精装修+诚心出,江桥一村 ,江桥,2室1厅,65.22平米,南 北,精装,高楼层(共6层),1994年建,板楼,118人关注,5个月以前发布,300,"45,999","121.344898,31.258740","""121.344898,31.258740""",VR看装修,房本满五年,,,https://sh.lianjia.com/ershoufang/107104124446.html
莘庄商务区  300万以内小两房  满 五V一 老少皆宜,黎安二村(南区) ,莘庄,2室1厅,54.89平米,南 北,简装,低楼层(共6层),1996年建,板楼,103人关注,3个月以前发布,288,"52,469","121.373056,31.129038","""121.373056,31.129038""",VR房源,房本满五年,,,https://sh.lianjia.com/ershoufang/107104437264.html
小两房，低楼层，业主诚售，功能齐全,蔷薇新村 ,春申,2室1厅,55.41平米,南 北,简装,低楼层(共6层),1995年建,板楼,65人关注,2个月以前发布,279,"50,352","121.433226,31.113420","""121.433226,31.113420""",VR看装修,房本满五年,,,https://sh.lianjia.com/ershoufang/107104533536.html
华科东路180弄 2室1厅 南,华科东路180弄 ,夏阳,2室1厅,57.67平米,南,简装,高楼层(共7层),2008年建,板楼,15人关注,30天以前发布,227,"39,362","121.146064,31.159241","""121.146064,31.159241""",VR看装修,房本满五年,,近地铁,https://sh.lianjia.com/ershoufang/107104692225.html
满五年weiyi 商圈配套成熟 诚意出售,泗塘五村 ,张庙,2室1厅,62.05平米,南,简装,中楼层(共6层),1995年建,板楼,118人关注,8个月以前发布,288,"46,415","121.459934,31.332724","""121.459934,31.332724""",VR看装修,房本满五年,,,https://sh.lianjia.com/ershoufang/107103789970.html
双柏小区双南两房，满五 采光好,双柏小区 ,吴泾,2室1厅,56.34平米,南,简装,高楼层(共6层),1990年建,板楼,44人关注,2个月以前发布,221,"39,227","121.472201,31.045012","""121.472201,31.045012""",VR看装修,房本满五年,,,https://sh.lianjia.com/ershoufang/107104497719.html
满五，户型通透，交通便利，配备齐全，小区中间位置。,明珠小区(川沙) ,川沙,2室1厅,58.74平米,南,简装,高楼层(共6层),1997年建,板楼,371人关注,一年前发布,233,"39,667","121.690970,31.195655","""121.690970,31.195655""",VR看装修,房本满五年,,近地铁,https://sh.lianjia.com/ershoufang/107102984482.html
满五年，wei一，户型方正，采光好,红翔新村 ,南翔,2室1厅,68.89平米,南,精装,高楼层(共6层),1995年建,板楼,84人关注,2个月以前发布,278,"40,355","121.305970,31.287701","""121.305970,31.287701""",VR看装修,房本满五年,,,https://sh.lianjia.com/ershoufang/107104494565.html
精装修拎包入住，周 边配套全，环境好，售后公房税少,桃浦六村绿春苑 ,桃浦,2室1厅,63.35平米,南,精装,高楼层(共6层),1994年建,板楼,180人关注,3个月以前发布,300,"47,356","121.355258,31.285300","""121.355258,31.285300""",VR看装修,房本满两年,,近地铁,https://sh.lianjia.com/ershoufang/107104406420.html
机场两房，低总价，钻石楼层，满五年，房东诚意出售,虹桥机场新村 ,西郊,2室1厅,50.17平米,南 北,简装,中楼层(共5层),1983年建,板楼,104人关注,1个月以前发布,265,"52,821","121.356217,31.184097","""121.356217,31.184097""",VR看装修,房本满五年,,,https://sh.lianjia.com/ershoufang/107104577012.html
一首动迁，价格适中，位置好，边套两房，采光通风好,塘和家园登云苑 ,泗泾,2室1厅,68.37平米,南,简装,低楼层(共18层),2015年建,板楼,12人关注,2个月以前发布,242,"35,396","121.255387,31.100760","""121.255387,31.100760""",VR看装修,房本满两年,,,https://sh.lianjia.com/ershoufang/107104475030.html
南北两房，税费少，业主诚意，采光好,西湖苑 ,莘庄,2室1厅,50.76平米,南,简装,高楼层(共6层),1994年建,板楼,70人关注,3个月以前发布,258,"50,828","121.362301,31.113311","""121.362301,31.113311""",VR房源,房本满五年,,,https://sh.lianjia.com/ershoufang/107104369070.html
满五    交通便利       精装修,宝山三村 ,淞宝,2室1厅,52.79平米,南,精装,高楼层(共7层),1994年建,板楼,40人关注,7个月以前发布,276,"52,283","121.497066,31.393510","""121.497066,31.393510""",VR看装修,房本满五年,,,https://sh.lianjia.com/ershoufang/107103981844.html
满五只有这一套，地铁口，诚意出售。,乾溪新村 ,大场镇,2室1厅,58.08平米,南,精装,高楼层(共6层),1994年建,板楼,84人关注,1个月以前发布,291,"50,104","121.407670,31.304434","""121.407670,31.304434""",VR看装修,房本满五年,,近地铁,https://sh.lianjia.com/ershoufang/107104631577.html
房子满五，双南格局， 高楼层，采光充足，交通方便,海滨二村(宝山) ,淞宝,2室1厅,62.66平米,南,简装,高楼层(共6层),1981年建,板楼,26人关注,1个月以前发布,256,"40,856","121.486974,31.367882","""121.486974,31.367882""",VR看装修,房本满五年,,近地铁,https://sh.lianjia.com/ershoufang/107104615072.html
全明户型格局通透，中间楼层采光棒！,泗塘四村 ,张庙,2室1厅,60.49平米,南,简装,中楼层(共6层),1987年建,板楼,25人关注,2个月以前发布,292,"48,273","121.460160,31.336688","""121.460160,31.336688""",VR看装修,房本满两年,,,https://sh.lianjia.com/ershoufang/107104506493.html
富特五村两室一厅，一梯三户，简单装修看房,富特五村 ,外高桥,2室1厅,57.15平米,南,简装,中楼层(共6层),1993年建,板楼,113人关注,6个月以前发布,275,"48,119","121.585246,31.338028","""121.585246,31.338028""",VR看装修,房本满五年,,,https://sh.lianjia.com/ershoufang/107104079732.html
总价低，税费少，南北通，出门558,德华路487号 ,南翔,2室1厅,51.48平米,南 北,精装,高楼层(共6层),1988年建,板楼,106人关注,7个月以前发布,204,"39,628","121.310535,31.293388","""121.310535,31.293388""",VR看装修,房本满五年,,,https://sh.lianjia.com/ershoufang/107103903777.html
售后公房低税费，近地铁菜场生活便利,桃浦一村瑞香苑 ,桃浦,2室1厅,61.41平米,南 北,简装,高楼层(共6层),1990年建,板楼,84人关注,2个月以前发布,285,"46,410","121.352609,31.280076","""121.352609,31.280076""",VR看装修,房本满五年,,近地铁,https://sh.lianjia.com/ershoufang/107104488983.html
近13号线正气户型*南北通透好格局*采光视野佳,金祥坊 ,丰庄,2室1厅,50.71平米,南 北,简装,高楼层(共6层),1997年建,板楼,56人关注,2个月以前发布,280,"55,216","121.371605,31.245278","""121.371605,31.245278""",VR看装修,房本满五年,,,https://sh.lianjia.com/ershoufang/107104494503.html
南北通，一梯两户，得房率高，采光好，税费少,西湖苑 ,莘庄,2室1厅,65.43平米,南,简装,高楼层(共6层),1995年建,板楼,123人关注,2个月以前发布,290,"44,323","121.362301,31.113311","""121.362301,31.113311""",VR看装修,房本满五年,,,https://sh.lianjia.com/ershoufang/107104524049.html
1/3号线双轨交，双南大厅，全明户型，看房方便,德都路165弄 ,月浦,2室1厅,62.15平米,南,简装,高楼层(共6层),1998年建,板楼,10人关注,1个月以前发布,210,"33,790","121.426621,31.409068","""121.426621,31.409068""",VR看装修,房本满五年,,,https://sh.lianjia.com/ershoufang/107104658722.html
近地铁，精装修，满五，税费少，,安居古浪新苑 ,桃浦,2室1厅,55.61平米,南 北,精装,高楼层(共6层),1996年建,板楼,118人关注,4个月以前发布,286,"51,430","121.382346,31.285460","""121.382346,31.285460""",VR房源,房本满五年,,,https://sh.lianjia.com/ershoufang/107104256783.html
独门独户小两房 总价低 全明户型,城南居委小区 ,川沙,2室1厅,66.4平米,南,简装,中楼层(共5层),1978年建,板楼,8人关注,2个月以前发布,265,"39,910","121.413680,31.184135","""121.413680,31.184135""",VR看装修,房本满五年,,,https://sh.lianjia.com/ershoufang/107104553565.html
店长强推+精装修南北通+全明+位置好采光充足+配套齐全,桃浦十村（紫藤苑小区白丽路701弄） ,桃浦,2室1厅,54.04平米,南,精装,高楼层(共7层),1998年建,板楼,64人关注,1个月以前发布,250,"46,263","121.344537,31.287869","""121.344537,31.287869""",VR看装修,房本满五年,,近地铁,https://sh.lianjia.com/ershoufang/107104651666.html
近地铁 电梯先行示范小区，满五，税费低，南北户型,通河六村 ,通河,2室1厅,60.94平米,南,简装,高楼层(共6层),1994年建,板楼,37人关注,2个月以前发布,299,"49,065","121.451823,31.330932","""121.451823,31.330932""",VR看装修,房本满五年,,,https://sh.lianjia.com/ershoufang/107104487388.html
近地铁 楼层好 边套户型 小区改造中 刚需家庭之选,桃浦一村瑞香苑 ,桃浦,2室1厅,51.65平米,南,简装,中楼层(共5层),1983年建,板楼,36人关注,1个月以前发布,240,"46,467","121.352609,31.280076","""121.352609,31.280076""",VR看装修,房本满五年,,近地铁,https://sh.lianjia.com/ershoufang/107104656096.html
一手动迁税费低，两房朝南采光好，诚意出售,崧泽华城和瑞东苑 ,赵巷,2室1厅,69.37平米,南,简装,低楼层(共18层),,塔楼,151人关注,3个月以前发布,206,"29,696","121.158864,31.138559","""121.158864,31.138559""",VR看装修,房本满两年,,,https://sh.lianjia.com/ershoufang/107104396028.html
新上东边套 双南户型 中间楼层 配套齐全 诚意出售,西湖苑 ,莘庄,2室1厅,62.07平米,南,简装,中楼层(共6层),1995年建,板楼,115人关注,6个月以前发布,298,"48,011","121.362301,31.113311","""121.362301,31.113311""",VR看装修,房本满五年,,,https://sh.lianjia.com/ershoufang/107104114232.html
桃浦品质小区，低总价，双朝南俩房,桃浦六村绿春苑 ,桃浦,2室1厅,64.23平米,南,毛坯,中楼层(共6层),1994年建,板楼,98人关注,2个月以前发布,295,"45,929","121.355258,31.285300","""121.355258,31.285300""",VR看装修,房本满五年,,近地铁,https://sh.lianjia.com/ershoufang/107104495946.html
边套全明，南北通透，小区中间位置，业主自住，诚售！,泗塘五村 ,张庙,2室1厅,65.11平米,南 北,简装,高楼层(共6层),1995年建,板楼,59人关注,6个月以前发布,285,"43,773","121.459934,31.332724","""121.459934,31.332724""",VR看装修,房本满五年,,,https://sh.lianjia.com/ershoufang/107104095268.html
08年小区，房龄新，背靠上大，近地铁，配套齐全,慧华苑 ,上大,2室1厅,57.47平米,南,精装,高楼层(共6层),2008年建,板楼,238人关注,6个月以前发布,298,"51,854","121.395787,31.309131","""121.395787,31.309131""",VR看装修,房本满两年,,,https://sh.lianjia.com/ershoufang/107104110823.html
税费少，小区独栋位置好，视野宽阔，精装修，配套齐全,永德小区 ,吴泾,2室1厅,50.47平米,南,精装,高楼层(共6层),1985年建,板楼,28人关注,2个月以前发布,210,"41,609","121.465414,31.044453","""121.465414,31.044453""",VR看装修,房本满五年,,,https://sh.lianjia.com/ershoufang/107104544763.html
淞宝单价3.8万！！！海江新村 96年房 近湿地公园,海江新村 ,淞宝,2室1厅,54.57平米,南 北,毛坯,中楼层(共10层),1996年建,板楼,53人关注,4个月以前发布,210,"38,483","121.504794,31.392084","""121.504794,31.392084""",VR看装修,房本满五年,,,https://sh.lianjia.com/ershoufang/107104312665.html
满三年，价格可谈，诚意出售，近地铁18号地铁沈梅路,汇腾南苑 ,周浦,2室1厅,62.86平米,南 北,简装,低楼层(共14层),2007年建,板楼,820人关注,一年前发布,275,"43,749","121.585336,31.089819","""121.585336,31.089819""",VR看装修,房本满两年,,,https://sh.lianjia.com/ershoufang/107103370177.html
必售房！通河新村好地段，配套佳，采光好，诚意出售,冶金小区(宝山) ,张庙,2室1厅,53.3平米,南,简装,高楼层(共6层),1997年建,板楼,27人关注,3个月以前发布,285,"53,471","121.382532,31.299724","""121.382532,31.299724""",VR看装修,房本满五年,,近地铁,https://sh.lianjia.com/ershoufang/107104413510.html
满五，采光好，户型方正，通风好,泗塘四村 ,张庙,2室1厅,60.44平米,南 北,简装,高楼层(共6层),1987年建,板楼,30人关注,3个月以前发布,280,"46,327","121.460160,31.336688","""121.460160,31.336688""",VR看装修,房本满五年,,,https://sh.lianjia.com/ershoufang/107104468933.html
南北通两房 带天井 售后公房 税费少,桃浦十村（紫藤苑小区银杏路120弄） ,桃浦,2室1厅,55.64平米,南,精装,低楼层(共6层),1996年建,板楼,150人关注,8个月以前发布,284,"51,043","121.344537,31.287869","""121.344537,31.287869""",VR看装修,房本满五年,,近地铁,https://sh.lianjia.com/ershoufang/107103790246.html
南北通风，小两房，总价低，精装拎包入住,馨佳园(菊泉街1280弄) ,顾村,2室1厅,55.26平米,南 北,精装,低楼层(共11层),2010年建,板楼,9人关注,2个月以前发布,259,"46,870","121.371528,31.361719","""121.371528,31.361719""",VR看装修,房本满五年,,,https://sh.lianjia.com/ershoufang/107104557479.html
地铁边上商品房，佳佳毓秀，生活配套齐全,华科东路180弄 ,夏阳,2室1厅,63.2平米,东 西,简装,中楼层(共7层),2008年建,板楼,106人关注,1个月以前发布,227,"35,918","121.146064,31.159241","""121.146064,31.159241""",VR看装修,房本满五年,,近地铁,https://sh.lianjia.com/ershoufang/107104678978.html
一手动迁 业主诚心出售 品质小区 体验舒适 次新房小区,塘和家园德悦苑 ,泗泾,2室1厅,67.72平米,南,毛坯,低楼层(共18层),2015年建,板楼,28人关注,2个月以前发布,248,"36,622","121.253373,31.099776","""121.253373,31.099776""",VR看装修,房本满两年,,,https://sh.lianjia.com/ershoufang/107104478604.html
俯瞰文化公园，精装大一房，地铁近，诚意出售,航华四村 ,航华,2室1厅,56.14平米,南,精装,高楼层(共6层),1996年建,板楼,77人关注,3个月以前发布,289,"51,479","121.359194,31.171760","""121.359194,31.171760""",VR房源,房本满两年,,近地铁,https://sh.lianjia.com/ershoufang/107104367171.html
* 豪hua精装拎包入住 诚意出售 位置好三不靠,人乐小区 ,松江老城,2室1厅,56.61平米,南,精装,高楼层(共6层),1986年建,板楼,38人关注,3个月以前发布,205,"36,213","121.224987,31.011722","""121.224987,31.011722""",VR看装修,房本满五年,,,https://sh.lianjia.com/ershoufang/107104366034.html
中间楼层南北两房，面积大，一梯两户,海滨四村 ,淞宝,2室1厅,58.37平米,南,简装,中楼层(共6层),1989年建,板楼,22人关注,4个月以前发布,250,"42,831","121.494478,31.383614","""121.494478,31.383614""",VR看装修,,随时看房,近地铁,https://sh.lianjia.com/ershoufang/107104256674.html
罗南二村 户型方正 采光佳 位置很好,罗南二村 ,罗店,2室1厅,69.93平米,南,简装,高楼层(共6层),1997年建,板楼,93人关注,3个月以前发布,215,"30,746","121.366451,31.387761","""121.366451,31.387761""",VR看装修,,随时看房,近地铁,https://sh.lianjia.com/ershoufang/107104354805.html
外环内两房中间楼层、*无增值税个税、诚意出售,东沪园 ,顾村,2室1厅,69.84平米,南 北,简装,中楼层(共6层),1996年建,板楼,280人关注,4个月以前发布,251,"35,940","121.393729,31.341572","""121.393729,31.341572""",VR看装修,,,,https://sh.lianjia.com/ershoufang/107104297900.html
虹桥商务区 一室户 中高楼层南北 采光好视野好业主诚,爱博七村 ,华漕,2室1厅,57.55平米,北 南,毛坯,中楼层(共13层),2013年建,板楼,114人关注,5个月以前发布,300,"52,129","121.304624,31.222102","""121.304624,31.222102""",VR看装修,房本满两年,,,https://sh.lianjia.com/ershoufang/107104172962.html
繁华地段，双南全明户型，房型通透，房龄1994年,永德小区 ,吴泾,2室1厅,57.73平米,南,简装,高楼层(共6层),1994年建,板楼,93人关注,一年前发布,260,"45,038","121.465414,31.044453","""121.465414,31.044453""",VR看装修,,,,https://sh.lianjia.com/ershoufang/107100258867.html
中层，南北户型，产权清晰，近地铁，配套成熟，满五年,海滨四村 ,淞宝,2室1厅,51.13平米,南 北,简装,中楼层(共6层),1989年建,板楼,42人关注,2个月以前发布,215,"42,050","121.494478,31.383614","""121.494478,31.383614""",VR看装修,,随时看房,近地铁,https://sh.lianjia.com/ershoufang/107104535592.html
【诚心出售】品质小区 放心物业 精致户型 双南房,塘和家园德悦苑 ,泗泾,2室1厅,67.72平米,南,毛坯,中楼层(共18层),2015年建,板楼,12人关注,1个月以前发布,253,"37,360","121.253373,31.099776","""121.253373,31.099776""",VR看装修,,随时看房,,https://sh.lianjia.com/ershoufang/107104667903.html
桃浦三村+一手动迁+满五年+边套,桃浦三村石榴苑 ,桃浦,2室1厅,51.99平米,南,简装,高楼层(共6层),1995年建,板楼,18人关注,1个月以前发布,244.3,"46,990","121.345432,31.282562","""121.345432,31.282562""",VR看装修,,随时看房,近地铁,https://sh.lianjia.com/ershoufang/107104641302.html
双柏小区 一梯两户 房龄新 双南全明户型 诚心出售,双柏小区 ,吴泾,2室1厅,67.94平米,南,简装,高楼层(共6层),1993年建,板楼,52人关注,2个月以前发布,257,"37,828","121.472201,31.045012","""121.472201,31.045012""",VR看装修,,,,https://sh.lianjia.com/ershoufang/107104495659.html
*税费低+中间楼层+南北两房+配套齐全,桃浦六村绿春苑 ,桃浦,2室1厅,54.1平米,南,简装,中楼层(共6层),1994年建,板楼,166人关注,5个月以前发布,270,"49,908","121.355258,31.285300","""121.355258,31.285300""",VR房源,,,近地铁,https://sh.lianjia.com/ershoufang/107104142492.html
双南户型的两房，视野开阔，位置优越,乐业二村 ,月浦,2室1厅,57.38平米,南,毛坯,高楼层(共6层),1995年建,板楼,80人关注,9个月以前发布,205,"35,727","121.432497,31.410272","""121.432497,31.410272""",VR看装修,,,,https://sh.lianjia.com/ershoufang/107103592041.html
此房为售后公房，精装修 户型规整 单价低,海滨新村 ,淞宝,2室1厅,63.08平米,南 北,精装,高楼层(共5层),1959年建,板楼,30人关注,2个月以前发布,245,"38,840","121.493115,31.377022","""121.493115,31.377022""",VR看装修,,,近地铁,https://sh.lianjia.com/ershoufang/107104485669.html
宝林一村 2室1厅 南,宝林一村 ,淞宝,2室1厅,53.97平米,南,精装,高楼层(共6层),1992年建,板楼,7人关注,1个月以前发布,296.8,"54,994","121.484094,31.398435","""121.484094,31.398435""",VR看装修,,,,https://sh.lianjia.com/ershoufang/107104672169.html
精装飞机户型，1/3号线双轨交，全明户型，看房方便,乐业五村 ,月浦,2室1厅,57.03平米,南,精装,高楼层(共6层),1996年建,板楼,35人关注,5个月以前发布,218,"38,226","121.424511,31.410007","""121.424511,31.410007""",VR看装修,,,,https://sh.lianjia.com/ershoufang/107104195228.html
永德小区 步行街地段 满五  诚心出售！,永德小区 ,吴泾,2室1厅,60.02平米,南,简装,高楼层(共6层),1993年建,板楼,64人关注,8个月以前发布,235,"39,154","121.465414,31.044453","""121.465414,31.044453""",VR看装修,,,,https://sh.lianjia.com/ershoufang/107103811152.html
单价低 总价低 满五年 南北通 业主诚意出售,永清新村 ,淞宝,2室1厅,56.66平米,南 北,简装,高楼层(共6层),1991年建,板楼,54人关注,3个月以前发布,230,"40,594","121.498257,31.391196","""121.498257,31.391196""",VR看装修,,,,https://sh.lianjia.com/ershoufang/107104440829.html
示范小区，花园位置，两房全明，非顶楼，南北通,乾溪三村 ,上大,2室1厅,50.6平米,南,简装,高楼层(共6层),1996年建,板楼,22人关注,1个月以前发布,255,"50,396","121.407017,31.309086","""121.407017,31.309086""",VR看装修,,,,https://sh.lianjia.com/ershoufang/107104677053.html
配套齐全，交通方便，户型方正。,东江小区 ,老闵行,2室1厅,51.59平米,南 北,简装,高楼层(共6层),1987年建,板楼,39人关注,1个月以前发布,210,"40,706","121.419760,31.008308","""121.419760,31.008308""",VR看装修,,,,https://sh.lianjia.com/ershoufang/107104618554.html
近场中路，中间楼层，双南格局，视野采光好,乾溪二村 ,大场镇,2室1厅,59.41平米,南,毛坯,中楼层(共6层),1995年建,板楼,270人关注,一年前发布,275,"46,289","121.403433,31.306167","""121.403433,31.306167""",VR看装修,,,近地铁,https://sh.lianjia.com/ershoufang/107103295888.html
两房房型正气，近地铁交通生活便利！中间楼层,桃浦一村瑞香苑 ,桃浦,2室1厅,53.83平米,南,简装,中楼层(共5层),1985年建,板楼,156人关注,6个月以前发布,250,"46,443","121.352609,31.280076","""121.352609,31.280076""",VR看装修,,,近地铁,https://sh.lianjia.com/ershoufang/107104109315.html
带大阁楼，有阁楼视频，2017年次新房，北面临河,庐秀新苑 ,松江老城,2室1厅,69.6平米,南,其他,高楼层(共5层),2013年建,暂无数据,156人关注,一年前发布,214,"30,748","121.219209,31.004855","""121.219209,31.004855""",VR看装修,,,,https://sh.lianjia.com/ershoufang/107102809725.html
近地铁龙湖商场，菊泉文化街，环境优美干净清爽。,馨佳园(菊泉街1280弄) ,顾村,2室1厅,62.09平米,南 北,精装,低楼层(共14层),2010年建,板楼,236人关注,2个月以前发布,260,"41,875","121.371528,31.361719","""121.371528,31.361719""",VR看装修,,,,https://sh.lianjia.com/ershoufang/107104516554.html
石榴苑+精美装修+满五年+近地铁,桃浦三村石榴苑 ,桃浦,2室1厅,51.48平米,南,精装,高楼层(共6层),1995年建,板楼,4人关注,5天以前发布,245,"47,592","121.345432,31.282562","""121.345432,31.282562""",VR房源,房本满五年,,近地铁,https://sh.lianjia.com/ershoufang/107104783981.html
14年房源，地铁口200米，通燃气带电梯，不可以户口。,复旦软件园智慧新天地 ,周家嘴路,2室1厅,66.16平米,北,精装,低楼层(共24层),2013年建,板楼,201人关注,5个月以前发布,300,"45,345","121.543517,31.276074","""121.543517,31.276074""",,房本满五年,,,https://sh.lianjia.com/ershoufang/107104146151.html
总价低，高楼层，采光好，视野开阔，诚心出售。,公元新村 ,周浦,2室1厅,57.91平米,南,简装,高楼层(共5层),1979年建,板楼,52人关注,一年前发布,235,"40,581","121.576361,31.121715","""121.576361,31.121715""",,房本满五年,,,https://sh.lianjia.com/ershoufang/107102052557.html
此房满五年，户型方正，近地铁，业主诚意卖。,城南居委小区 ,川沙,2室1厅,59.3平米,南,简装,中楼层(共5层),1982年建,板楼,58人关注,4个月以前发布,255,"43,002","121.413680,31.184135","""121.413680,31.184135""",,房本满五年,,,https://sh.lianjia.com/ershoufang/107104295966.html
动迁房，税费少，房龄新，电梯房,美罗家园宝欣苑七村 ,罗店,2室1厅,68.93平米,南,简装,低楼层(共18层),2014年建,板楼,6人关注,16天以前发布,245,"35,544","121.338470,31.385902","""121.338470,31.385902""",,房本满五年,,,https://sh.lianjia.com/ershoufang/107104741118.html
上海青年城 2室2厅 南,上海青年城 ,九亭,2室2厅,54.39平米,南,精装,中楼层(共19层),2010年建,塔楼,2人关注,11天以前发布,220,"40,449","121.318112,31.137022","""121.318112,31.137022""",,房本满五年,,近地铁,https://sh.lianjia.com/ershoufang/107104762992.html
森宏旗臻 2室2厅 北 东北,森宏旗臻 ,杨思前滩,2室2厅,56.77平米,北 东北,简装,低楼层(共16层),2014年建,板塔结合,51人关注,5个月以前发布,280,"49,322","121.492148,31.148791","""121.492148,31.148791""",,房本满五年,随时看房,近地铁,https://sh.lianjia.com/ershoufang/107104227791.html
龙盛2房，采光充足，高楼层，配套齐全方便,龙盛国际商业广场(商业类) ,颛桥,2室1厅,54.29平米,南 北,精装,高楼层(共15层),2015年建,塔楼,10人关注,9个月以前发布,238,"43,839","121.398869,31.085359","""121.398869,31.085359""",,房本满五年,随时看房,,https://sh.lianjia.com/ershoufang/107103673517.html
17年买进，精装修，诚意出售换房，,九亭中心 ,九亭,2室1厅,53.59平米,南,精装,低楼层(共12层),2018年建,暂无数据,66人关注,7个月以前发布,230,"42,919","121.320021,31.139264","""121.320021,31.139264""",,房本满两年,随时看房,近地铁,https://sh.lianjia.com/ershoufang/107103873530.html
武宁路地铁站13号14号线楼下，首付五成，朝南,大众河滨酒店式公寓 ,长寿路,2室1厅,63.54平米,南,简装,中楼层(共23层),2004年建,塔楼,225人关注,一年前发布,290,"45,641","121.334259,31.168739","""121.334259,31.168739""",,房本满五年,,,https://sh.lianjia.com/ershoufang/107100602237.html
产权清晰，业主诚意出售，店长推荐房源,曹杨八村 ,真如,2室1厅,50.41平米,南,简装,中楼层(共5层),1954年建,板楼,53人关注,2个月以前发布,260,"51,578","121.405949,31.247259","""121.405949,31.247259""",,,,近地铁,https://sh.lianjia.com/ershoufang/107104549711.html
精装修2房，精装复式，省装修费，看房方便，价格可谈,湘源大厦 ,淞南,2室1厅,52.84平米,南,精装,中楼层(共12层),2013年建,塔楼,46人关注,一年前发布,210,"39,743","121.479270,31.345041","""121.479270,31.345041""",,房本满两年,,,https://sh.lianjia.com/ershoufang/107100475329.html
龙盛2房，采光充足，中高楼层，配套齐全方便,龙盛国际商业广场(商业类) ,颛桥,2室2厅,53.71平米,东,精装,中楼层(共14层),2015年建,板楼,2人关注,5个月以前发布,238,"44,313","121.398869,31.085359","""121.398869,31.085359""",,房本满五年,,,https://sh.lianjia.com/ershoufang/107104130604.html
绿地缤纷城精装修好房，高楼层视野好，好出租。,绿地浦汇中心 ,夏阳,2室2厅,51.64平米,南,精装,高楼层(共19层),2018年建,板楼,5人关注,一年前发布,210,"40,667","121.140392,31.168776","""121.140392,31.168776""",,房本满两年,,近地铁,https://sh.lianjia.com/ershoufang/107103179843.html
交通便利近地铁，精装修，采光充足，业主诚心出售,浦江红星国际广场（商业类） ,浦江,2室1厅,67.51平米,南,精装,高楼层(共12层),2014年建,塔楼,5人关注,4个月以前发布,250,"37,032","121.511318,31.075779","""121.511318,31.075779""",,房本满五年,,,https://sh.lianjia.com/ershoufang/107104251237.html
五角场低总价两房，朝南，房龄新采光好，高楼层,财富国际广场 ,五角场,2室1厅,52.79平米,南,精装,高楼层(共26层),2007年建,板楼,1人关注,2个月以前发布,269,"50,957","121.518607,31.287642","""121.518607,31.287642""",,房本满两年,,,https://sh.lianjia.com/ershoufang/107104488823.html
五角场精致小户型，总价低，没有购房条件要求 地段佳,财富国际广场 ,五角场,2室1厅,56.21平米,南,精装,高楼层(共26层),2007年建,板楼,0人关注,2个月以前发布,286,"50,881","121.518607,31.287642","""121.518607,31.287642""",,房本满两年,,,https://sh.lianjia.com/ershoufang/107104488841.html
龙盛国际商业广场(商业类) 2室1厅 南,龙盛国际商业广场(商业类) ,颛桥,2室1厅,54.29平米,南,其他,高楼层(共15层),,塔楼,3人关注,一年前发布,260,"47,891","121.398869,31.085359","""121.398869,31.085359""",,房本满五年,,,https://sh.lianjia.com/ershoufang/107102347807.html
龙盛国际商业广场(商业类) 2室1厅 南,龙盛国际商业广场(商业类) ,颛桥,2室1厅,52.42平米,南,其他,高楼层(共15层),,塔楼,1人关注,一年前发布,255,"48,646","121.398869,31.085359","""121.398869,31.085359""",,房本满五年,,,https://sh.lianjia.com/ershoufang/107102347824.html
财富国际广场 2室1厅 东,财富国际广场 ,五角场,2室1厅,60.16平米,东,精装,中楼层(共26层),2007年建,板楼,13人关注,5个月以前发布,260,"43,219","121.518607,31.287642","""121.518607,31.287642""",,房本满五年,,,https://sh.lianjia.com/ershoufang/107104131336.html
盛大天地青春里2.0 2室2厅 南,盛大天地青春里2.0 ,张江,2室2厅,53.4平米,南,其他,中楼层(共13层),,塔楼,14人关注,8个月以前发布,265,"49,626","121.605428,31.169842","""121.605428,31.169842""",,房本满两年,,,https://sh.lianjia.com/ershoufang/107103742075.html
绿地浦汇中心 2室1厅 南,绿地浦汇中心 ,夏阳,2室1厅,53.62平米,南,精装,低楼层(共19层),2018年建,板楼,2人关注,1个月以前发布,208,"38,792","121.140392,31.168776","""121.140392,31.168776""",,房本满两年,,近地铁,https://sh.lianjia.com/ershoufang/107104625007.html
上海星港 2室1厅 东北,上海星港 ,真如,2室1厅,55.63平米,东北,精装,中楼层(共28层),2005年建,暂无数据,73人关注,一年前发布,280,"50,333","121.412260,31.244547","""121.412260,31.244547""",,房本满五年,,近地铁,https://sh.lianjia.com/ershoufang/107102987000.html
精装修 楼层好 采光好 模范小区 前后无遮挡,呼玛二村 ,张庙,2室1厅,52.82平米,南,精装,高楼层(共6层),1992年建,板楼,62人关注,2个月以前发布,249.8,"47,293","121.221696,31.016916","""121.221696,31.016916""",,房本满两年,,近地铁,https://sh.lianjia.com/ershoufang/107104540561.html
自如装修，南北通透，交通便利/位置好,鹤北新村 ,老闵行,2室1厅,62.58平米,南 北,简装,高楼层(共6层),1995年建,板楼,26人关注,1个月以前发布,299,"47,779","121.418864,31.011189","""121.418864,31.011189""",,房本满两年,,,https://sh.lianjia.com/ershoufang/107104593087.html
月浦八村 双南两房一厅 业主诚心出售 看房提前联系,月浦八村 ,月浦,2室1厅,67.2平米,南,简装,低楼层(共18层),1995年建,塔楼,31人关注,4个月以前发布,215,"31,995","121.425695,31.415525","""121.425695,31.415525""",,房本满五年,,,https://sh.lianjia.com/ershoufang/107104248969.html
中环财富杰座，近14号线，诚意出售，看房有钥匙,中环财富杰座 ,丰庄,2室1厅,56.39平米,东 南,精装,低楼层(共22层),2013年建,暂无数据,0人关注,2个月以前发布,200,"35,468","121.372635,31.249497","""121.372635,31.249497""",,,随时看房,,https://sh.lianjia.com/ershoufang/107104566619.html
南北通透，配套完善，交通便利！,崧泽华城秀景苑 ,赵巷,2室1厅,69.11平米,南 北,精装,低楼层(共11层),2014年建,板楼,30人关注,21天以前发布,286,"41,384","121.158909,31.164594","""121.158909,31.164594""",,,,,https://sh.lianjia.com/ershoufang/107104720309.html
绿地缤纷城旁精装修好房，好出租.,绿地浦汇中心 ,夏阳,2室1厅,53.76平米,南 西南,精装,高楼层(共19层),,暂无数据,5人关注,一年前发布,220,"40,923","121.140392,31.168776","""121.140392,31.168776""",,,,近地铁,https://sh.lianjia.com/ershoufang/107103079922.html
近地铁 交通便利 精装修 中间楼层 配套齐全 两层,绿地浦汇中心 ,夏阳,2室1厅,54平米,南,简装,中楼层(共16层),,暂无数据,0人关注,4个月以前发布,228,"42,223","121.140392,31.168776","""121.140392,31.168776""",,,,近地铁,https://sh.lianjia.com/ershoufang/107104262886.html
祥和大厦 2室1厅 南,祥和大厦 ,长征,2室1厅,66.95平米,南,其他,中楼层(共6层),2001年建,板楼,20人关注,一年前发布,280,"41,823","121.377174,31.246128","""121.377174,31.246128""",,,,,https://sh.lianjia.com/ershoufang/107102038322.html
财富国际广场 2室1厅 西,财富国际广场 ,五角场,2室1厅,60.16平米,西,精装,中楼层(共25层),,板楼,29人关注,7个月以前发布,270,"44,881","121.518607,31.287642","""121.518607,31.287642""",,,,近地铁,https://sh.lianjia.com/ershoufang/107103947322.html
卓越时代广场 2室2厅 南,卓越时代广场 ,共康,2室2厅,69平米,南,其他,低楼层(共19层),,板楼,2人关注,一年前发布,280,"40,580","121.435509,31.338185","""121.435509,31.338185""",,,,近地铁,https://sh.lianjia.com/ershoufang/107100546899.html
厨卫边套全明户型  5+23号线双轨交 总价低刚需很OK哦,新华小区 ,老闵行,2室1厅,58.57平米,南,精装,高楼层(共6层),1992年建,板楼,4人关注,1天以前发布,220,"37,562","121.510999,30.955141","""121.510999,30.955141""",,房本满五年,,,https://sh.lianjia.com/ershoufang/107104797492.html
一梯两户，1999年房龄，采光好，居住舒适，刚需客户,红旗四街坊 ,老闵行,2室1厅,62.01平米,南,简装,高楼层(共6层),1999年建,板楼,12人关注,12天以前发布,225,"36,285","121.397832,31.014377","""121.397832,31.014377""",VR看装修,房本满五年,,,https://sh.lianjia.com/ershoufang/107104756188.html
二手买进、税少、业主诚意出售 大花园,合生城邦三街坊 ,老闵行,2室1厅,55.8平米,南,简装,低楼层(共11层),2010年建,板楼,169人关注,一年前发布,295,"52,868","121.406893,31.016853","""121.406893,31.016853""",VR看装修,房本满五年,,,https://sh.lianjia.com/ershoufang/107102875962.html
交通便利，近7号线新村路站，配套设施齐全,新村路422号 ,甘泉宜川,2室1厅,52.31平米,北,简装,高楼层(共6层),1983年建,板楼,130人关注,4个月以前发布,294,"56,204","121.512923,31.310147","""121.512923,31.310147""",VR看装修,房本满两年,随时看房,近地铁,https://sh.lianjia.com/ershoufang/107104243755.html
满五only一 南北通 两房朝南 业主诚意出售 空间大,曙光南桥小区 ,川沙,2室1厅,68.89平米,南,精装,高楼层(共6层),1993年建,板楼,15人关注,4个月以前发布,280,"40,645","121.707032,31.191160","""121.707032,31.191160""",VR看装修,房本满五年,,,https://sh.lianjia.com/ershoufang/107104291033.html
氯碱小区 双南户型 一梯三户 总价低 格局好 诚心出售,氯碱小区 ,吴泾,2室1厅,51.49平米,南,简装,高楼层(共6层),1990年建,板楼,74人关注,6个月以前发布,202,"39,231","121.476214,31.045094","""121.476214,31.045094""",VR看装修,房本满五年,,,https://sh.lianjia.com/ershoufang/107104073564.html
低层低总价，得房率86.6，采光无遮挡,工农新村小区 ,中原,2室1厅,51.61平米,南,简装,低楼层(共3层),1958年建,板楼,5人关注,1个月以前发布,300,"58,129","121.539219,31.326527","""121.539219,31.326527""",VR看装修,房本满两年,,,https://sh.lianjia.com/ershoufang/107104649753.html
买入价高，业主置换，诚意出售。,盛大天地青春里(一期) ,张江,2室1厅,66.94平米,南,精装,高楼层(共11层),2015年建,板楼,1人关注,12天以前发布,275,"41,082","121.606003,31.170843","""121.606003,31.170843""",,房本满两年,,,https://sh.lianjia.com/ershoufang/107104756598.html
铂悦公馆 2室1厅 南,铂悦公馆 ,盈浦,2室1厅,64.88平米,南,精装,中楼层(共23层),2018年建,板塔结合,1人关注,16天以前发布,200,"30,827","121.473701,31.230416","""121.473701,31.230416""",,房本满两年,,近地铁,https://sh.lianjia.com/ershoufang/107104740424.html
骏丰玲珑坊 2室0厅 南,骏丰玲珑坊 ,嘉定新城,2室0厅,50.68平米,南,其他,6层,,板楼,1人关注,14天以前发布,205,"40,450","121.273935,31.319419","""121.273935,31.319419""",,房本满两年,,近地铁,https://sh.lianjia.com/ershoufang/107104746041.html
次新一房 看房随时 业主诚意出售 到价签字,卓越时代广场 ,共康,2室1厅,62.97平米,北,精装,高楼层(共19层),,板楼,2人关注,8个月以前发布,215,"34,144","121.435509,31.338185","""121.435509,31.338185""",,房本满两年,随时看房,近地铁,https://sh.lianjia.com/ershoufang/107103827188.html
精装修两房，户型方正。。视野好。,阳光城MODO自由区 ,高行,2室1厅,67.66平米,东 南,精装,低楼层(共20层),2014年建,塔楼,15人关注,6个月以前发布,270,"39,906","121.588165,31.299911","""121.588165,31.299911""",,房本满两年,随时看房,,https://sh.lianjia.com/ershoufang/107104022596.html
智翔路8号 2室2厅 南 北,智翔路8号 ,南翔,2室2厅,54.27平米,南 北,精装,中楼层(共12层),,平房,2人关注,一年前发布,210,"38,696","121.314254,31.311543","""121.314254,31.311543""",,房本满两年,随时看房,,https://sh.lianjia.com/ershoufang/107102485996.html
经典两房 中区边套采光好 ！了解~,卓越时代广场 ,共康,2室1厅,67.61平米,西北,简装,中楼层(共19层),,板楼,5人关注,一年前发布,220,"32,540","121.435509,31.338185","""121.435509,31.338185""",,房本满两年,,近地铁,https://sh.lianjia.com/ershoufang/107100972992.html
卓越时代广场 2室1厅 北,卓越时代广场 ,共康,2室1厅,68.72平米,北,毛坯,低楼层(共18层),2015年建,板楼,0人关注,5天以前发布,225,"32,742","121.435509,31.338185","""121.435509,31.338185""",,,,近地铁,https://sh.lianjia.com/ershoufang/107104783557.html
龙盛国际商业广场(商业类) 2室1厅 东 西,龙盛国际商业广场(商业类) ,颛桥,2室1厅,53.71平米,东 西,精装,中楼层(共14层),2015年建,板楼,0人关注,5个月以前发布,270,"50,270","121.398869,31.085359","""121.398869,31.085359""",,房本满五年,,,https://sh.lianjia.com/ershoufang/107104117777.html
建华铂中环 2室1厅 北,建华铂中环 ,御桥,2室1厅,52.65平米,北,精装,高楼层(共13层),2016年建,板楼,6人关注,3个月以前发布,250,"47,484","121.564984,31.148903","""121.564984,31.148903""",,房本满两年,,,https://sh.lianjia.com/ershoufang/107104429380.html
近地铁+精装修+配套齐全+复式+业主诚售,龙湖北城天街 ,顾村,2室1厅,57.99平米,南 西,精装,中楼层(共16层),2017年建,塔楼,10人关注,6个月以前发布,255,"43,974","121.362630,31.358355","""121.362630,31.358355""",,房本满两年,,近地铁,https://sh.lianjia.com/ershoufang/107104030545.html
电梯房+精装修+业主诚意出售+户型好,盛大天地青春里(一期) ,张江,2室2厅,66.9平米,南,精装,高楼层(共9层),,板楼,19人关注,9个月以前发布,300,"44,844","121.606003,31.170843","""121.606003,31.170843""",,房本满五年,,,https://sh.lianjia.com/ershoufang/107103634641.html
绿地缤纷城旁配备齐全出行方便业主诚心卖,绿地浦汇中心 ,夏阳,2室2厅,54.4平米,南,毛坯,低楼层(共18层),2018年建,暂无数据,0人关注,一年前发布,230,"42,280","121.140392,31.168776","""121.140392,31.168776""",,房本满两年,,近地铁,https://sh.lianjia.com/ershoufang/107103139298.html
龙湖北城天街精装修两房 近地铁 楼层好,龙湖北城天街 ,顾村,2室1厅,58.86平米,南,精装,高楼层(共27层),,塔楼,8人关注,5个月以前发布,200,"33,979","121.362630,31.358355","""121.362630,31.358355""",,房本满两年,,近地铁,https://sh.lianjia.com/ershoufang/107104123451.html
盛大天地青春里2.0 2室2厅 南,盛大天地青春里2.0 ,张江,2室2厅,61.74平米,南,精装,中楼层(共13层),2016年建,塔楼,0人关注,1个月以前发布,295,"47,782","121.605428,31.169842","""121.605428,31.169842""",,房本满两年,,,https://sh.lianjia.com/ershoufang/107104624715.html
绿地云天坊 2室1厅 西,绿地云天坊 ,泗泾,2室1厅,50.21平米,西,其他,低楼层(共14层),2016年建,塔楼,4人关注,6个月以前发布,210,"41,825","121.257987,31.117032","""121.257987,31.117032""",,房本满两年,,,https://sh.lianjia.com/ershoufang/107104078003.html
浦锦路1306号 2室1厅 西,浦锦路1306号 ,浦江,2室1厅,59.44平米,西,其他,高楼层(共5层),2012年建,塔楼,6人关注,一年前发布,210,"35,330","121.493233,31.093758","""121.493233,31.093758""",,房本满五年,,,https://sh.lianjia.com/ershoufang/107103344695.html
龙湖北城天街 2室1厅 西南,龙湖北城天街 ,顾村,2室1厅,58.86平米,西南,精装,低楼层(共27层),,塔楼,1人关注,5个月以前发布,225,"38,227","121.362630,31.358355","""121.362630,31.358355""",,房本满两年,,近地铁,https://sh.lianjia.com/ershoufang/107104227764.html
同进理想城 2室1厅 南,同进理想城 ,桃浦,2室1厅,54.67平米,南,精装,中楼层(共9层),2014年建,板楼,0人关注,3个月以前发布,200,"36,584","121.333334,31.292131","""121.333334,31.292131""",,房本满五年,,,https://sh.lianjia.com/ershoufang/107104439835.html
卓越时代广场 2室1厅 西北,卓越时代广场 ,共康,2室1厅,67.67平米,西北,其他,高楼层(共19层),,板楼,0人关注,一年前发布,258,"38,127","121.435509,31.338185","""121.435509,31.338185""",,房本满五年,,近地铁,https://sh.lianjia.com/ershoufang/107103008118.html
华侨城loft 2室1厅 西,华侨城loft ,浦江,2室1厅,59.31平米,西,简装,中楼层(共5层),2012年建,板塔结合,0人关注,2个月以前发布,230,"38,780","121.493156,31.093210","""121.493156,31.093210""",,房本满五年,,,https://sh.lianjia.com/ershoufang/107104542563.html
中冶祥腾城市广场 2室1厅 南,中冶祥腾城市广场 ,南翔,2室1厅,66.38平米,南,精装,中楼层(共19层),2012年建,塔楼,3人关注,1个月以前发布,215,"32,390","121.322198,31.295724","""121.322198,31.295724""",,房本满五年,,,https://sh.lianjia.com/ershoufang/107104627447.html
价格便宜，低总价，南北通，全明户型，好房子,塘和家园德悦苑 ,泗泾,2室1厅,68.21平米,南,毛坯,低楼层(共18层),2015年建,板楼,39人关注,4个月以前发布,245,"35,919","121.253373,31.099776","""121.253373,31.099776""",,房本满两年,,,https://sh.lianjia.com/ershoufang/107104308923.html
"房子是1987 -2003年竣工，电梯房，近几年精装修loft,",悠诗阁 ,甘泉宜川,2室2厅,66.52平米,南,精装,低楼层(共6层),1987年建,板楼,56人关注,9个月以前发布,230,"34,577","121.442279,31.267356","""121.442279,31.267356""",,房本满两年,,,https://sh.lianjia.com/ershoufang/107103697449.html
骏丰嘉峰汇 2室1厅 西南 西,骏丰嘉峰汇 ,南翔,2室1厅,68.46平米,西南 西,简装,中楼层(共17层),2012年建,塔楼,1人关注,7个月以前发布,210,"30,675","121.318810,31.289598","""121.318810,31.289598""",,房本满五年,,,https://sh.lianjia.com/ershoufang/107103903545.html
龙盛国际商业广场(商业类) 2室1厅 南,龙盛国际商业广场(商业类) ,颛桥,2室1厅,52.42平米,南,其他,高楼层(共15层),,塔楼,0人关注,1个月以前发布,260,"49,600","121.398869,31.085359","""121.398869,31.085359""",,房本满五年,,,https://sh.lianjia.com/ershoufang/107104631929.html
卓越时代广场 2室1厅 南,卓越时代广场 ,共康,2室1厅,63平米,南,精装,低楼层(共19层),,板楼,1人关注,一年前发布,280,"44,445","121.435509,31.338185","""121.435509,31.338185""",,,,近地铁,https://sh.lianjia.com/ershoufang/107100120872.html
铂悦公馆 2室1厅 南,铂悦公馆 ,盈浦,2室1厅,65平米,南,其他,中楼层(共23层),2018年建,板塔结合,2人关注,1个月以前发布,230,"35,385","121.473701,31.230416","""121.473701,31.230416""",,,,近地铁,https://sh.lianjia.com/ershoufang/107104648082.html
龙盛国际商业广场(商业类) 2室2厅 南,龙盛国际商业广场(商业类) ,颛桥,2室2厅,53.7平米,南,其他,中楼层(共14层),2015年建,板楼,0人关注,1个月以前发布,255,"47,487","121.398869,31.085359","""121.398869,31.085359""",,,,,https://sh.lianjia.com/ershoufang/107104661544.html
盛大天地青春里2.0 2室2厅 西南,盛大天地青春里2.0 ,张江,2室2厅,55平米,西南,其他,低楼层(共17层),2016年建,平房,0人关注,17天以前发布,240,"43,637","121.605428,31.169842","""121.605428,31.169842""",,,,,https://sh.lianjia.com/ershoufang/107104736618.html
浦锦路1306号 2室1厅 西,浦锦路1306号 ,浦江,2室1厅,60平米,西,其他,中楼层(共5层),2012年建,塔楼,0人关注,23天以前发布,200,"33,334","121.493233,31.093758","""121.493233,31.093758""",,,,,https://sh.lianjia.com/ershoufang/107104716615.html
华侨城loft 2室2厅 东,华侨城loft ,浦江,2室2厅,55.32平米,东,其他,中楼层(共5层),2012年建,板塔结合,20人关注,一年前发布,268,"48,446","121.493156,31.093210","""121.493156,31.093210""",,,随时看房,,https://sh.lianjia.com/ershoufang/107101628848.html
龙盛国际商业广场(商业类) 2室1厅 南,龙盛国际商业广场(商业类) ,颛桥,2室1厅,53.71平米,南,精装,中楼层(共15层),,塔楼,1人关注,一年前发布,260,"48,409","121.398869,31.085359","""121.398869,31.085359""",,,,,https://sh.lianjia.com/ershoufang/107102563616.html
开发商统一装修+高楼层采光好+无需购房资质+13号线,盛大天地青春里2.0 ,张江,2室2厅,53平米,南,精装,高楼层(共13层),2016年建,塔楼,9人关注,一年前发布,300,"56,604","121.605428,31.169842","""121.605428,31.169842""",,,,,https://sh.lianjia.com/ershoufang/107102101130.html
临地铁口（300米，高德地图据）娱乐购物等配套齐全,绿地浦汇中心 ,夏阳,2室2厅,54.4平米,南,精装,高楼层(共18层),2018年建,暂无数据,4人关注,3个月以前发布,220,"40,442","121.140392,31.168776","""121.140392,31.168776""",,,,近地铁,https://sh.lianjia.com/ershoufang/107104386356.html
新紫茂国际 2室1厅 东,新紫茂国际 ,金桥,2室1厅,57.6平米,东,精装,高楼层(共15层),2013年建,塔楼,1人关注,3个月以前发布,245,"42,535","121.609238,31.279791","""121.609238,31.279791""",,,,近地铁,https://sh.lianjia.com/ershoufang/107104376798.html
绿地峰尚汇 2室2厅 南,绿地峰尚汇 ,浦江,2室2厅,54.37平米,南,精装,低楼层(共12层),,塔楼,4人关注,9个月以前发布,215,"39,544","121.510681,31.080172","""121.510681,31.080172""",,,,近地铁,https://sh.lianjia.com/ershoufang/107103606230.html
龙盛国际商业广场(商业类) 2室1厅 南,龙盛国际商业广场(商业类) ,颛桥,2室1厅,53平米,南,其他,中楼层(共15层),,塔楼,1人关注,一年前发布,252,"47,548","121.398869,31.085359","""121.398869,31.085359""",,,,,https://sh.lianjia.com/ershoufang/107100641307.html
龙盛国际商业广场(商业类) 2室1厅 南,龙盛国际商业广场(商业类) ,颛桥,2室1厅,52平米,南,其他,高楼层(共15层),2015年建,塔楼,1人关注,9个月以前发布,252,"48,462","121.398869,31.085359","""121.398869,31.085359""",,,,,https://sh.lianjia.com/ershoufang/107103655632.html
龙盛国际商业广场(商业类) 2室1厅 南,龙盛国际商业广场(商业类) ,颛桥,2室1厅,52.42平米,南,精装,中楼层(共15层),,塔楼,0人关注,一年前发布,255,"48,646","121.398869,31.085359","""121.398869,31.085359""",,,,,https://sh.lianjia.com/ershoufang/107102087279.html
交通便利，高品质精装房，环境优美，配套齐全,铂悦公馆 ,盈浦,2室1厅,65.26平米,南,精装,中楼层(共23层),2018年建,板塔结合,8人关注,一年前发布,228,"34,938","121.473701,31.230416","""121.473701,31.230416""",,,,近地铁,https://sh.lianjia.com/ershoufang/107102913002.html
绿地旭辉e天地 2室1厅 南,绿地旭辉e天地 ,华漕,2室1厅,51平米,南,其他,中楼层(共11层),,塔楼,4人关注,一年前发布,200,"39,216","121.292054,31.207775","""121.292054,31.207775""",,,,,https://sh.lianjia.com/ershoufang/107103206522.html
湘源大厦 2室1厅 南,湘源大厦 ,淞南,2室1厅,52.03平米,南,其他,高楼层(共12层),2013年建,塔楼,6人关注,一年前发布,250,"48,050","121.479270,31.345041","""121.479270,31.345041""",,,,,https://sh.lianjia.com/ershoufang/107101484166.html
西康路828号 2室1厅 南,西康路828号 ,江宁路,2室1厅,61.23平米,南,其他,低楼层(共24层),,塔楼,21人关注,一年前发布,251.04,"41,000","121.444099,31.237738","""121.444099,31.237738""",,,,近地铁,https://sh.lianjia.com/ershoufang/107102205269.html
浦锦路1306号 2室1厅 西,浦锦路1306号 ,浦江,2室1厅,60平米,西,其他,中楼层(共5层),2012年建,塔楼,10人关注,一年前发布,200,"33,334","121.493233,31.093758","""121.493233,31.093758""",,,,,https://sh.lianjia.com/ershoufang/107103286331.html
龙湖北城天街 2室1厅 南,龙湖北城天街 ,顾村,2室1厅,58平米,南,其他,高楼层(共16层),,塔楼,3人关注,11个月以前发布,270,"46,552","121.362630,31.358355","""121.362630,31.358355""",,,,近地铁,https://sh.lianjia.com/ershoufang/107103458261.html
盛大天地青春里(一期) 2室1厅 南,盛大天地青春里(一期) ,张江,2室1厅,66.61平米,南,简装,中楼层(共11层),2015年建,板楼,8人关注,一年前发布,300,"45,039","121.606003,31.170843","""121.606003,31.170843""",,,,,https://sh.lianjia.com/ershoufang/107102725415.html
兴亚广场(办公楼) 2室1厅 东北,兴亚广场(办公楼) ,西藏北路,2室1厅,69.22平米,东北,简装,高楼层(共21层),,塔楼,6人关注,4个月以前发布,248,"35,828","121.473356,31.252897","""121.473356,31.252897""",,,,近地铁,https://sh.lianjia.com/ershoufang/107104260617.html
房龄新2016年，近地铁13号线中科路站，电梯房楼层好,盛大天地青春里2.0 ,张江,2室2厅,54平米,东南,精装,高楼层(共13层),2014年建,塔楼,0人关注,11个月以前发布,270,"50,000","121.605428,31.169842","""121.605428,31.169842""",,,,,https://sh.lianjia.com/ershoufang/107103465616.html
龙盛国际商业广场(商业类) 2室1厅 南 北,龙盛国际商业广场(商业类) ,颛桥,2室1厅,53平米,南 北,其他,中楼层(共15层),,塔楼,0人关注,1个月以前发布,255,"48,114","121.398869,31.085359","""121.398869,31.085359""",,,,,https://sh.lianjia.com/ershoufang/107104655031.html
华侨城loft 2室2厅 西,华侨城loft ,浦江,2室2厅,62.73平米,西,其他,中楼层(共5层),2012年建,板塔结合,8人关注,7个月以前发布,280,"44,636","121.493156,31.093210","""121.493156,31.093210""",,,,,https://sh.lianjia.com/ershoufang/107103873839.html
盛大天地青春里(一期) 2室2厅 南,盛大天地青春里(一期) ,张江,2室2厅,66.86平米,南,其他,中楼层(共11层),2015年建,板楼,14人关注,一年前发布,280,"41,879","121.606003,31.170843","""121.606003,31.170843""",,,,,https://sh.lianjia.com/ershoufang/107101878891.html
卓越时代广场 2室1厅 南,卓越时代广场 ,共康,2室1厅,63.13平米,南,其他,高楼层(共19层),,板楼,2人关注,7个月以前发布,208,"32,948","121.435509,31.338185","""121.435509,31.338185""",,,,近地铁,https://sh.lianjia.com/ershoufang/107103890023.html
新紫茂国际 2室1厅 东,新紫茂国际 ,金桥,2室1厅,57平米,东,其他,中楼层(共16层),2013年建,塔楼,3人关注,一年前发布,220,"38,597","121.609238,31.279791","""121.609238,31.279791""",,,,,https://sh.lianjia.com/ershoufang/107101623229.html
印象生活广场 2室1厅 西,印象生活广场 ,周浦,2室1厅,58平米,西,其他,低楼层(共15层),,板楼,7人关注,一年前发布,200,"34,483","121.593330,31.114941","""121.593330,31.114941""",,,,,https://sh.lianjia.com/ershoufang/107103277072.html
新紫茂国际 2室1厅 西,新紫茂国际 ,金桥,2室1厅,56.72平米,西,其他,中楼层(共15层),2013年建,塔楼,8人关注,8个月以前发布,210,"37,024","121.609238,31.279791","""121.609238,31.279791""",,,,近地铁,https://sh.lianjia.com/ershoufang/107103843198.html
新紫茂国际 2室2厅 西,新紫茂国际 ,金桥,2室2厅,56.72平米,西,其他,中楼层(共15层),2013年建,塔楼,10人关注,3个月以前发布,220,"38,788","121.609238,31.279791","""121.609238,31.279791""",,,,近地铁,https://sh.lianjia.com/ershoufang/107104446566.html
宝龙城市广场(青浦) 2室2厅 北,宝龙城市广场(青浦) ,赵巷,2室2厅,64.81平米,北,其他,中楼层(共8层),,暂无数据,9人关注,一年前发布,280,"43,204","121.116463,31.145251","""121.116463,31.145251""",,,,近地铁,https://sh.lianjia.com/ershoufang/107102965434.html
禹洲金桥国际 2室1厅 南,禹洲金桥国际 ,金桥,2室1厅,54.28平米,南,其他,中楼层(共19层),2010年建,塔楼,5人关注,一年前发布,220,"40,531","121.613736,31.256113","""121.613736,31.256113""",,,,近地铁,https://sh.lianjia.com/ershoufang/107103313578.html
新紫茂国际 2室1厅 东,新紫茂国际 ,金桥,2室1厅,57平米,东,其他,高楼层(共15层),,塔楼,1人关注,2个月以前发布,240,"42,106","121.609238,31.279791","""121.609238,31.279791""",,,,近地铁,https://sh.lianjia.com/ershoufang/107104548767.html
禹洲金桥国际 2室1厅 南,禹洲金桥国际 ,金桥,2室1厅,55.61平米,南,其他,中楼层(共19层),2009年建,塔楼,12人关注,7个月以前发布,200,"35,965","121.613736,31.256113","""121.613736,31.256113""",,,,,https://sh.lianjia.com/ershoufang/107103874491.html
5号线地铁口，2室，南北通户型，精装修，满五年,东川苑 ,老闵行,2室1厅,58.02平米,南,简装,高楼层(共6层),1995年建,板楼,0人关注,16天以前发布,200,"34,471","121.397293,31.007397","""121.397293,31.007397""",,房本满五年,,,https://sh.lianjia.com/ershoufang/107104741145.html
南北户型，卧室带阳台，采光好。精装修，十八号线,瑞和苑 ,周浦,2室1厅,75.49平米,南 北,精装,高楼层(共14层),2008年建,板楼,148人关注,12天以前发布,307,"40,668","121.419636,31.091093","""121.419636,31.091093""",VR看装修,房本满五年,,,https://sh.lianjia.com/ershoufang/107104755783.html
张江南 近三林前滩 精装修  采光好 安静,印象春城 ,周浦,2室2厅,89平米,南,简装,中楼层(共16层),2009年建,板塔结合,9人关注,9天以前发布,496,"55,731","121.589753,31.116006","""121.589753,31.116006""",VR房源,房本满两年,,,https://sh.lianjia.com/ershoufang/107104770630.html
房东急售，公房税费少，钥匙看房方便,园西二居 ,川沙,2室1厅,59.55平米,南 北,简装,低楼层(共6层),1989年建,板楼,9人关注,1个月以前发布,288,"48,363","121.694585,31.189111","""121.694585,31.189111""",VR看装修,房本满五年,随时看房,,https://sh.lianjia.com/ershoufang/107104665230.html
快来看，这套房子真不赖，满五啦 税少 赶快来,御景龙庭 ,金山,2室1厅,89.4平米,南,精装,中楼层(共18层),2013年建,板楼,10人关注,25天以前发布,170,"19,016","121.324152,30.731971","""121.324152,30.731971""",VR看装修,房本满五年,,,https://sh.lianjia.com/ershoufang/107104707350.html
张江科学城双子塔+近地铁+大三房+采光充足+临河位置,春港丽园(公寓) ,张江,3室2厅,116.17平米,南,简装,高楼层(共6层),2000年建,板楼,51人关注,27天以前发布,598,"51,477","121.623167,31.201843","""121.623167,31.201843""",VR看装修,房本满五年,,,https://sh.lianjia.com/ershoufang/107104701393.html
张江科学城 双子塔旁 一手动迁 中间位置 中间楼层,玉兰香苑二期A块 ,张江,3室2厅,122.6平米,南,精装,中楼层(共6层),2006年建,板楼,33人关注,20天以前发布,700,"57,097","121.626554,31.199317","""121.626554,31.199317""",VR看装修,房本满五年,,,https://sh.lianjia.com/ershoufang/107104726460.html
中间楼层大四房，带大储藏室，大型生活配套全,飞虹南村 ,金山,4室2厅,132.99平米,南,简装,中楼层(共6层),1998年建,板楼,33人关注,1个月以前发布,140,"10,528","121.315804,30.725654","""121.315804,30.725654""",VR看装修,房本满五年,,,https://sh.lianjia.com/ershoufang/107104599536.html
陆家嘴滨江︱景观房︱满五税少︱近轨交︱可看实房,京城大厦 ,陆家嘴,3室2厅,125.19平米,南 北,精装,中楼层(共28层),2002年建,板楼,160人关注,11个月以前发布,1030,"82,275","121.516900,31.215550","""121.516900,31.215550""",VR房源,房本满五年,,近地铁,https://sh.lianjia.com/ershoufang/107103500664.html
近地铁 精装修 南北两房 拎包入住,黄陵小区 ,甘泉宜川,2室0厅,49.7平米,南,精装,高楼层(共6层),1995年建,板楼,57人关注,25天以前发布,335,"67,405","121.426427,31.262540","""121.426427,31.262540""",VR看装修,,随时看房,近地铁,https://sh.lianjia.com/ershoufang/107104706594.html
地铁700米，电梯带阁楼，全天采光，两房朝南，精装修,欣佳宝邸 ,闵浦,2室2厅,76.14平米,南,精装,高楼层(共7层),2011年建,板楼,190人关注,4个月以前发布,318,"41,766","121.539298,31.044336","""121.539298,31.044336""",VR看装修,房本满五年,随时看房,近地铁,https://sh.lianjia.com/ershoufang/107104299098.html
一手动迁，税费少，户型方正，通透且双阳台,金利公寓 ,唐镇,2室2厅,84.51平米,南,毛坯,低楼层(共6层),2008年建,板楼,19人关注,3个月以前发布,408,"48,279","121.662438,31.203674","""121.662438,31.203674""",VR看装修,房本满五年,随时看房,,https://sh.lianjia.com/ershoufang/107104429208.html
临港主城区，中间楼层，电梯房，南北通风，清水房,绿地临港家园（海洋小区） ,临港新城,2室2厅,101.44平米,南 北,毛坯,中楼层(共13层),2007年建,板楼,14人关注,1个月以前发布,265,"26,124","121.912685,30.882226","""121.912685,30.882226""",VR看装修,房本满五年,随时看房,,https://sh.lianjia.com/ershoufang/107104666043.html
满五年，全明户型，电梯房，楼层好，视野佳,东园三村 ,陆家嘴,3室1厅,101.73平米,西,简装,26层,,塔楼,28人关注,5个月以前发布,980,"96,334","121.342798,31.092097","""121.342798,31.092097""",VR看装修,房本满五年,随时看房,近地铁,https://sh.lianjia.com/ershoufang/107104220001.html
水岸家苑带大露台 全明格局 标准大房,水岸家苑 ,西渡,4室2厅,198.69平米,南,简装,高楼层(共6层),2003年建,板楼,54人关注,1个月以前发布,400,"20,132","121.431229,30.985309","""121.431229,30.985309""",VR看装修,房本满五年,随时看房,,https://sh.lianjia.com/ershoufang/107104625315.html
双南精装修 客餐厅分明 18号线芳芯路地铁口 采光好,芳芯苑 ,北蔡,2室1厅,69.37平米,南,精装,高楼层(共6层),1994年建,板楼,461人关注,11个月以前发布,461,"66,456","121.557913,31.192869","""121.557913,31.192869""",VR房源,房本满五年,随时看房,近地铁,https://sh.lianjia.com/ershoufang/107103453171.html
金山新城区电梯2房，业主诚心出售，到价签字！,御景龙庭 ,金山,2室1厅,88.92平米,南,精装,低楼层(共25层),2013年建,板楼,261人关注,8个月以前发布,138,"15,520","121.324152,30.731971","""121.324152,30.731971""",VR看装修,房本满五年,随时看房,,https://sh.lianjia.com/ershoufang/107103771348.html
中层电梯房+两房朝南+视野开阔采光好+近万达广场,御景龙庭 ,金山,2室1厅,61.42平米,南,精装,中楼层(共18层),2013年建,塔楼,222人关注,8个月以前发布,111,"18,073","121.324152,30.731971","""121.324152,30.731971""",VR看装修,房本满两年,随时看房,,https://sh.lianjia.com/ershoufang/107103780018.html
此房满五年，税费少，采光通风好，小区位置好,金都雅苑 ,西渡,3室2厅,109.02平米,南,毛坯,高楼层(共6层),2005年建,板楼,63人关注,1个月以前发布,285,"26,142","121.446724,30.989803","""121.446724,30.989803""",VR看装修,房本满五年,随时看房,,https://sh.lianjia.com/ershoufang/107104618736.html
哇这个户型好好！边套2房通透，采光晾晒没得说,新闵小区 ,老闵行,2室1厅,82.96平米,南,简装,高楼层(共6层),1999年建,板楼,95人关注,4个月以前发布,330,"39,779","121.425948,31.005069","""121.425948,31.005069""",VR看装修,房本满五年,,近地铁,https://sh.lianjia.com/ershoufang/107104302205.html
*，近地铁，业主诚意，税费少,通阁小区 ,西藏北路,1室1厅,42.52平米,南,简装,中楼层(共7层),1988年建,板楼,44人关注,3个月以前发布,313,"73,613","121.470175,31.260706","""121.470175,31.260706""",VR看装修,房本满五年,,近地铁,https://sh.lianjia.com/ershoufang/107104390242.html
精装满五，电梯， 楼层好，户型方正,绿地东岸涟城 ,临港新城,2室1厅,83.03平米,南 北,精装,中楼层(共11层),2009年建,板楼,36人关注,1个月以前发布,268,"32,278","121.918402,30.884566","""121.918402,30.884566""",VR看装修,房本满五年,,,https://sh.lianjia.com/ershoufang/107104663022.html
总价低  满五年 户型通透 位置好 小区环境好,星河景苑 ,老闵行,2室1厅,59.97平米,南,简装,低楼层(共17层),2006年建,板楼,58人关注,1个月以前发布,273,"45,523","121.427596,31.002525","""121.427596,31.002525""",VR看装修,房本满两年,,近地铁,https://sh.lianjia.com/ershoufang/107104584426.html
一手买进，满五唯 一税费少，得房率高，绿化好品质高,香溢花城(住宅) ,光新,2室2厅,103.13平米,南,精装,中楼层(共28层),2009年建,板楼,193人关注,6个月以前发布,988,"95,802","121.434802,31.255920","""121.434802,31.255920""",VR看装修,房本满五年,,近地铁,https://sh.lianjia.com/ershoufang/107104010158.html
房龄新 2014年次新房 近地铁 税费少 业主诚意售,金硕河畔景园南区 ,闵浦,1室1厅,55.73平米,南,简装,中楼层(共17层),2014年建,板楼,186人关注,5个月以前发布,232,"41,630","121.534169,31.052597","""121.534169,31.052597""",VR看装修,房本满五年,随时看房,近地铁,https://sh.lianjia.com/ershoufang/107104173773.html
业主诚心总价低！！原始动迁！税费少！近地铁，配套全,欣佳宝邸东区 ,闵浦,1室1厅,45.01平米,南,简装,低楼层(共7层),2011年建,板楼,159人关注,1个月以前发布,175,"38,881","121.539738,31.043661","""121.539738,31.043661""",VR看装修,房本满五年,随时看房,近地铁,https://sh.lianjia.com/ershoufang/107104638033.html
自贸区 俯瞰别墅 楼层好 林海公路 免个税 浦星公路,天和尚上海 ,奉贤金汇,2室2厅,74.62平米,南 北,毛坯,中楼层(共17层),,板楼,5人关注,13天以前发布,209,"28,009","121.554810,30.974777","""121.554810,30.974777""",VR看装修,,,,https://sh.lianjia.com/ershoufang/107104749176.html
金山新城区+精装三房+视野开阔+采光充足,新城旭辉府 ,金山,3室2厅,88平米,南,精装,高楼层(共18层),,板楼,8人关注,1个月以前发布,235,"26,705","121.350298,30.752670","""121.350298,30.752670""",VR看装修,房本满两年,,,https://sh.lianjia.com/ershoufang/107104590602.html
金山新城区，品质小区，电梯洋房，精装修,新城旭辉府 ,金山,3室2厅,88平米,南,精装,低楼层(共8层),2015年建,板楼,11人关注,16天以前发布,235,"26,705","121.350298,30.752670","""121.350298,30.752670""",VR看装修,,,,https://sh.lianjia.com/ershoufang/107104740315.html
两房朝南，客厅南北通，三开间朝南采光充足，满五年，,临港家园 ,临港新城,2室2厅,106.79平米,南 北,简装,低楼层(共4层),2007年建,板楼,52人关注,6个月以前发布,250,"23,411","121.915417,30.879605","""121.915417,30.879605""",VR房源,房本满五年,,,https://sh.lianjia.com/ershoufang/107104066807.html
位置好，采光好，满五年，交通便利,新南家园 ,西渡,3室2厅,144.96平米,南,精装,低楼层(共6层),2005年建,板楼,25人关注,1个月以前发布,368,"25,387","121.445433,30.992498","""121.445433,30.992498""",VR房源,房本满五年,,,https://sh.lianjia.com/ershoufang/107104657609.html
